Cycle start time,Cycle end time,Cycle timezone,Question text,Answered yes,Notes
2026-05-12 02:20:03,,UTC-04:00,Ate food close to bedtime?,true,
2026-05-12 02:20:03,,UTC-04:00,Consumed protein?,true,
2026-05-12 02:20:03,,UTC-04:00,Consumed caffeine?,true,
2026-05-12 02:20:03,,UTC-04:00,Have any alcoholic drinks?,false,
2026-05-12 02:20:03,,UTC-04:00,Consumed magnesium?,false,
2026-05-12 02:20:03,,UTC-04:00,Tracked your calories?,true,
2026-05-11 02:48:33,2026-05-12 02:20:03,UTC-04:00,Consumed protein?,true,
2026-05-11 02:48:33,2026-05-12 02:20:03,UTC-04:00,Ate food close to bedtime?,false,
2026-05-11 02:48:33,2026-05-12 02:20:03,UTC-04:00,Consumed magnesium?,false,
2026-05-11 02:48:33,2026-05-12 02:20:03,UTC-04:00,Consumed caffeine?,true,
2026-05-11 02:48:33,2026-05-12 02:20:03,UTC-04:00,Tracked your calories?,true,
2026-05-11 02:48:33,2026-05-12 02:20:03,UTC-04:00,Have any alcoholic drinks?,false,
2026-05-10 02:10:59,2026-05-11 02:48:33,UTC-04:00,Consumed caffeine?,true,
2026-05-10 02:10:59,2026-05-11 02:48:33,UTC-04:00,Tracked your calories?,true,
2026-05-10 02:10:59,2026-05-11 02:48:33,UTC-04:00,Consumed magnesium?,false,
2026-05-10 02:10:59,2026-05-11 02:48:33,UTC-04:00,Consumed protein?,true,
2026-05-10 02:10:59,2026-05-11 02:48:33,UTC-04:00,Ate food close to bedtime?,false,
2026-05-10 02:10:59,2026-05-11 02:48:33,UTC-04:00,Have any alcoholic drinks?,false,
2026-05-09 04:19:56,2026-05-10 02:10:59,UTC-04:00,Have any alcoholic drinks?,true,
2026-05-09 04:19:56,2026-05-10 02:10:59,UTC-04:00,Consumed protein?,true,
2026-05-09 04:19:56,2026-05-10 02:10:59,UTC-04:00,Consumed magnesium?,false,
2026-05-09 04:19:56,2026-05-10 02:10:59,UTC-04:00,Ate food close to bedtime?,false,
2026-05-09 04:19:56,2026-05-10 02:10:59,UTC-04:00,Tracked your calories?,true,
2026-05-09 04:19:56,2026-05-10 02:10:59,UTC-04:00,Consumed caffeine?,true,
2026-05-08 01:36:56,2026-05-09 04:19:56,UTC-04:00,Consumed caffeine?,true,
2026-05-08 01:36:56,2026-05-09 04:19:56,UTC-04:00,Consumed magnesium?,false,
2026-05-08 01:36:56,2026-05-09 04:19:56,UTC-04:00,Tracked your calories?,true,
2026-05-08 01:36:56,2026-05-09 04:19:56,UTC-04:00,Have any alcoholic drinks?,false,
2026-05-08 01:36:56,2026-05-09 04:19:56,UTC-04:00,Consumed protein?,true,
2026-05-08 01:36:56,2026-05-09 04:19:56,UTC-04:00,Ate food close to bedtime?,false,
2026-05-07 03:58:47,2026-05-08 01:36:56,UTC-04:00,Tracked your calories?,true,
2026-05-07 03:58:47,2026-05-08 01:36:56,UTC-04:00,Consumed caffeine?,true,
2026-05-07 03:58:47,2026-05-08 01:36:56,UTC-04:00,Consumed magnesium?,false,
2026-05-07 03:58:47,2026-05-08 01:36:56,UTC-04:00,Have any alcoholic drinks?,false,
2026-05-07 03:58:47,2026-05-08 01:36:56,UTC-04:00,Consumed protein?,true,
2026-05-07 03:58:47,2026-05-08 01:36:56,UTC-04:00,Ate food close to bedtime?,false,
2026-05-05 23:45:42,2026-05-07 03:58:47,UTC-04:00,Consumed protein?,true,
2026-05-05 23:45:42,2026-05-07 03:58:47,UTC-04:00,Have any alcoholic drinks?,true,
2026-05-05 23:45:42,2026-05-07 03:58:47,UTC-04:00,Consumed caffeine?,true,
2026-05-05 23:45:42,2026-05-07 03:58:47,UTC-04:00,Consumed magnesium?,false,
2026-05-05 23:45:42,2026-05-07 03:58:47,UTC-04:00,Ate food close to bedtime?,false,
2026-05-05 23:45:42,2026-05-07 03:58:47,UTC-04:00,Tracked your calories?,true,
2026-05-05 02:24:11,2026-05-05 23:45:42,UTC-04:00,Consumed protein?,true,
2026-05-05 02:24:11,2026-05-05 23:45:42,UTC-04:00,Have any alcoholic drinks?,false,
2026-05-05 02:24:11,2026-05-05 23:45:42,UTC-04:00,Consumed magnesium?,true,
2026-05-05 02:24:11,2026-05-05 23:45:42,UTC-04:00,Ate food close to bedtime?,false,
2026-05-05 02:24:11,2026-05-05 23:45:42,UTC-04:00,Tracked your calories?,true,
2026-05-05 02:24:11,2026-05-05 23:45:42,UTC-04:00,Consumed caffeine?,true,
2026-05-04 03:13:39,2026-05-05 02:24:11,UTC-04:00,Have any alcoholic drinks?,false,
2026-05-04 03:13:39,2026-05-05 02:24:11,UTC-04:00,Consumed protein?,true,
2026-05-04 03:13:39,2026-05-05 02:24:11,UTC-04:00,Tracked your calories?,true,
2026-05-04 03:13:39,2026-05-05 02:24:11,UTC-04:00,Ate food close to bedtime?,false,
2026-05-04 03:13:39,2026-05-05 02:24:11,UTC-04:00,Consumed magnesium?,true,
2026-05-04 03:13:39,2026-05-05 02:24:11,UTC-04:00,Consumed caffeine?,true,
2026-05-03 05:57:45,2026-05-04 03:13:39,UTC-04:00,Ate food close to bedtime?,true,
2026-05-03 05:57:45,2026-05-04 03:13:39,UTC-04:00,Consumed magnesium?,false,
2026-05-03 05:57:45,2026-05-04 03:13:39,UTC-04:00,Have any alcoholic drinks?,true,
2026-05-03 05:57:45,2026-05-04 03:13:39,UTC-04:00,Consumed caffeine?,false,
2026-05-03 05:57:45,2026-05-04 03:13:39,UTC-04:00,Tracked your calories?,true,
2026-05-03 05:57:45,2026-05-04 03:13:39,UTC-04:00,Consumed protein?,true,
2026-05-02 02:41:43,2026-05-03 05:57:45,UTC-04:00,Tracked your calories?,true,
2026-05-02 02:41:43,2026-05-03 05:57:45,UTC-04:00,Consumed caffeine?,true,
2026-05-02 02:41:43,2026-05-03 05:57:45,UTC-04:00,Ate food close to bedtime?,true,
2026-05-02 02:41:43,2026-05-03 05:57:45,UTC-04:00,Have any alcoholic drinks?,false,
2026-05-02 02:41:43,2026-05-03 05:57:45,UTC-04:00,Consumed magnesium?,false,
2026-05-02 02:41:43,2026-05-03 05:57:45,UTC-04:00,Consumed protein?,true,
2026-05-01 01:37:49,2026-05-02 02:41:43,UTC-04:00,Have any alcoholic drinks?,false,
2026-05-01 01:37:49,2026-05-02 02:41:43,UTC-04:00,Consumed protein?,true,
2026-05-01 01:37:49,2026-05-02 02:41:43,UTC-04:00,Consumed caffeine?,true,
2026-05-01 01:37:49,2026-05-02 02:41:43,UTC-04:00,Tracked your calories?,true,
2026-05-01 01:37:49,2026-05-02 02:41:43,UTC-04:00,Consumed magnesium?,true,
2026-05-01 01:37:49,2026-05-02 02:41:43,UTC-04:00,Ate food close to bedtime?,false,
2026-04-30 03:53:45,2026-05-01 01:37:49,UTC-04:00,Have any alcoholic drinks?,false,
2026-04-30 03:53:45,2026-05-01 01:37:49,UTC-04:00,Consumed magnesium?,true,
2026-04-30 03:53:45,2026-05-01 01:37:49,UTC-04:00,Consumed protein?,true,
2026-04-30 03:53:45,2026-05-01 01:37:49,UTC-04:00,Ate food close to bedtime?,false,
2026-04-30 03:53:45,2026-05-01 01:37:49,UTC-04:00,Tracked your calories?,true,
2026-04-30 03:53:45,2026-05-01 01:37:49,UTC-04:00,Consumed caffeine?,true,
2026-04-29 02:26:40,2026-04-30 03:53:45,UTC-04:00,Tracked your calories?,true,
2026-04-29 02:26:40,2026-04-30 03:53:45,UTC-04:00,Consumed protein?,true,
2026-04-29 02:26:40,2026-04-30 03:53:45,UTC-04:00,Consumed caffeine?,true,
2026-04-29 02:26:40,2026-04-30 03:53:45,UTC-04:00,Have any alcoholic drinks?,false,
2026-04-29 02:26:40,2026-04-30 03:53:45,UTC-04:00,Consumed magnesium?,true,
2026-04-29 02:26:40,2026-04-30 03:53:45,UTC-04:00,Ate food close to bedtime?,true,
2026-04-28 04:40:36,2026-04-29 02:26:40,UTC-04:00,Have any alcoholic drinks?,true,
2026-04-28 04:40:36,2026-04-29 02:26:40,UTC-04:00,Consumed caffeine?,true,
2026-04-28 04:40:36,2026-04-29 02:26:40,UTC-04:00,Tracked your calories?,true,
2026-04-28 04:40:36,2026-04-29 02:26:40,UTC-04:00,Consumed protein?,true,
2026-04-28 04:40:36,2026-04-29 02:26:40,UTC-04:00,Consumed magnesium?,false,
2026-04-28 04:40:36,2026-04-29 02:26:40,UTC-04:00,Ate food close to bedtime?,false,
2026-04-27 02:14:32,2026-04-28 04:40:36,UTC-04:00,Have any alcoholic drinks?,true,
2026-04-27 02:14:32,2026-04-28 04:40:36,UTC-04:00,Consumed magnesium?,false,
2026-04-27 02:14:32,2026-04-28 04:40:36,UTC-04:00,Consumed protein?,true,
2026-04-27 02:14:32,2026-04-28 04:40:36,UTC-04:00,Ate food close to bedtime?,false,
2026-04-27 02:14:32,2026-04-28 04:40:36,UTC-04:00,Tracked your calories?,true,
2026-04-27 02:14:32,2026-04-28 04:40:36,UTC-04:00,Consumed caffeine?,true,
2026-04-26 03:16:16,2026-04-27 02:14:32,UTC-04:00,Consumed caffeine?,true,
2026-04-26 03:16:16,2026-04-27 02:14:32,UTC-04:00,Have any alcoholic drinks?,true,
2026-04-26 03:16:16,2026-04-27 02:14:32,UTC-04:00,Consumed protein?,true,
2026-04-26 03:16:16,2026-04-27 02:14:32,UTC-04:00,Consumed magnesium?,false,
2026-04-26 03:16:16,2026-04-27 02:14:32,UTC-04:00,Ate food close to bedtime?,false,
2026-04-26 03:16:16,2026-04-27 02:14:32,UTC-04:00,Tracked your calories?,true,
2026-04-25 02:38:06,2026-04-26 03:16:16,UTC-04:00,Ate food close to bedtime?,true,
2026-04-25 02:38:06,2026-04-26 03:16:16,UTC-04:00,Tracked your calories?,true,
2026-04-25 02:38:06,2026-04-26 03:16:16,UTC-04:00,Consumed caffeine?,true,
2026-04-25 02:38:06,2026-04-26 03:16:16,UTC-04:00,Consumed protein?,true,
2026-04-25 02:38:06,2026-04-26 03:16:16,UTC-04:00,Have any alcoholic drinks?,false,
2026-04-25 02:38:06,2026-04-26 03:16:16,UTC-04:00,Consumed magnesium?,false,
2026-04-24 02:20:13,2026-04-25 02:38:06,UTC-04:00,Consumed caffeine?,true,
2026-04-24 02:20:13,2026-04-25 02:38:06,UTC-04:00,Have any alcoholic drinks?,true,
2026-04-24 02:20:13,2026-04-25 02:38:06,UTC-04:00,Consumed protein?,true,
2026-04-24 02:20:13,2026-04-25 02:38:06,UTC-04:00,Consumed magnesium?,false,
2026-04-24 02:20:13,2026-04-25 02:38:06,UTC-04:00,Ate food close to bedtime?,false,
2026-04-24 02:20:13,2026-04-25 02:38:06,UTC-04:00,Tracked your calories?,true,
2026-04-23 02:08:11,2026-04-24 02:20:13,UTC-04:00,Tracked your calories?,true,
2026-04-23 02:08:11,2026-04-24 02:20:13,UTC-04:00,Consumed protein?,true,
2026-04-23 02:08:11,2026-04-24 02:20:13,UTC-04:00,Have any alcoholic drinks?,false,
2026-04-23 02:08:11,2026-04-24 02:20:13,UTC-04:00,Consumed caffeine?,true,
2026-04-23 02:08:11,2026-04-24 02:20:13,UTC-04:00,Consumed magnesium?,true,
2026-04-23 02:08:11,2026-04-24 02:20:13,UTC-04:00,Ate food close to bedtime?,true,
2026-04-22 02:48:05,2026-04-23 02:08:11,UTC-04:00,Consumed protein?,true,
2026-04-22 02:48:05,2026-04-23 02:08:11,UTC-04:00,Ate food close to bedtime?,false,
2026-04-22 02:48:05,2026-04-23 02:08:11,UTC-04:00,Tracked your calories?,true,
2026-04-22 02:48:05,2026-04-23 02:08:11,UTC-04:00,Consumed caffeine?,true,
2026-04-22 02:48:05,2026-04-23 02:08:11,UTC-04:00,Have any alcoholic drinks?,true,
2026-04-22 02:48:05,2026-04-23 02:08:11,UTC-04:00,Consumed magnesium?,true,
2026-04-21 02:22:00,2026-04-22 02:48:05,UTC-04:00,Consumed magnesium?,false,
2026-04-21 02:22:00,2026-04-22 02:48:05,UTC-04:00,Have any alcoholic drinks?,false,
2026-04-21 02:22:00,2026-04-22 02:48:05,UTC-04:00,Ate food close to bedtime?,false,
2026-04-21 02:22:00,2026-04-22 02:48:05,UTC-04:00,Consumed protein?,true,
2026-04-21 02:22:00,2026-04-22 02:48:05,UTC-04:00,Tracked your calories?,true,
2026-04-21 02:22:00,2026-04-22 02:48:05,UTC-04:00,Consumed caffeine?,true,
2026-04-20 04:18:25,2026-04-21 02:22:00,UTC-04:00,Tracked your calories?,true,
2026-04-20 04:18:25,2026-04-21 02:22:00,UTC-04:00,Consumed caffeine?,true,
2026-04-20 04:18:25,2026-04-21 02:22:00,UTC-04:00,Have any alcoholic drinks?,false,
2026-04-20 04:18:25,2026-04-21 02:22:00,UTC-04:00,Ate food close to bedtime?,true,
2026-04-20 04:18:25,2026-04-21 02:22:00,UTC-04:00,Consumed protein?,true,
2026-04-20 04:18:25,2026-04-21 02:22:00,UTC-04:00,Consumed magnesium?,true,
2026-04-19 03:41:53,2026-04-20 04:18:25,UTC-04:00,Have any alcoholic drinks?,true,
2026-04-19 03:41:53,2026-04-20 04:18:25,UTC-04:00,Consumed caffeine?,true,
2026-04-19 03:41:53,2026-04-20 04:18:25,UTC-04:00,Consumed protein?,true,
2026-04-19 03:41:53,2026-04-20 04:18:25,UTC-04:00,Tracked your calories?,true,
2026-04-19 03:41:53,2026-04-20 04:18:25,UTC-04:00,Consumed magnesium?,true,
2026-04-19 03:41:53,2026-04-20 04:18:25,UTC-04:00,Ate food close to bedtime?,true,
2026-04-18 04:23:18,2026-04-19 03:41:53,UTC-04:00,Consumed caffeine?,true,
2026-04-18 04:23:18,2026-04-19 03:41:53,UTC-04:00,Tracked your calories?,true,
2026-04-18 04:23:18,2026-04-19 03:41:53,UTC-04:00,Have any alcoholic drinks?,false,
2026-04-18 04:23:18,2026-04-19 03:41:53,UTC-04:00,Consumed protein?,true,
2026-04-18 04:23:18,2026-04-19 03:41:53,UTC-04:00,Consumed magnesium?,false,
2026-04-18 04:23:18,2026-04-19 03:41:53,UTC-04:00,Ate food close to bedtime?,true,
2026-04-17 02:08:19,2026-04-18 04:23:18,UTC-04:00,Ate food close to bedtime?,true,
2026-04-17 02:08:19,2026-04-18 04:23:18,UTC-04:00,Consumed magnesium?,true,
2026-04-17 02:08:19,2026-04-18 04:23:18,UTC-04:00,Consumed protein?,true,
2026-04-17 02:08:19,2026-04-18 04:23:18,UTC-04:00,Tracked your calories?,true,
2026-04-17 02:08:19,2026-04-18 04:23:18,UTC-04:00,Consumed caffeine?,true,
2026-04-17 02:08:19,2026-04-18 04:23:18,UTC-04:00,Have any alcoholic drinks?,false,
2026-04-16 03:53:45,2026-04-17 02:08:19,UTC-04:00,Consumed magnesium?,true,
2026-04-16 03:53:45,2026-04-17 02:08:19,UTC-04:00,Consumed caffeine?,true,
2026-04-16 03:53:45,2026-04-17 02:08:19,UTC-04:00,Ate food close to bedtime?,true,
2026-04-16 03:53:45,2026-04-17 02:08:19,UTC-04:00,Have any alcoholic drinks?,true,
2026-04-16 03:53:45,2026-04-17 02:08:19,UTC-04:00,Consumed protein?,true,
2026-04-16 03:53:45,2026-04-17 02:08:19,UTC-04:00,Tracked your calories?,true,
2026-04-15 02:56:11,2026-04-16 03:53:45,UTC-04:00,Have any alcoholic drinks?,false,
2026-04-15 02:56:11,2026-04-16 03:53:45,UTC-04:00,Consumed protein?,true,
2026-04-15 02:56:11,2026-04-16 03:53:45,UTC-04:00,Consumed caffeine?,true,
2026-04-15 02:56:11,2026-04-16 03:53:45,UTC-04:00,Ate food close to bedtime?,true,
2026-04-15 02:56:11,2026-04-16 03:53:45,UTC-04:00,Tracked your calories?,true,
2026-04-15 02:56:11,2026-04-16 03:53:45,UTC-04:00,Consumed magnesium?,false,
2026-04-14 01:31:01,2026-04-15 02:56:11,UTC-04:00,Consumed caffeine?,false,
2026-04-14 01:31:01,2026-04-15 02:56:11,UTC-04:00,Have any alcoholic drinks?,false,
2026-04-14 01:31:01,2026-04-15 02:56:11,UTC-04:00,Consumed protein?,true,
2026-04-14 01:31:01,2026-04-15 02:56:11,UTC-04:00,Consumed magnesium?,false,
2026-04-14 01:31:01,2026-04-15 02:56:11,UTC-04:00,Ate food close to bedtime?,false,
2026-04-14 01:31:01,2026-04-15 02:56:11,UTC-04:00,Tracked your calories?,true,
2026-04-13 02:33:51,2026-04-14 01:31:01,UTC-04:00,Have any alcoholic drinks?,false,
2026-04-13 02:33:51,2026-04-14 01:31:01,UTC-04:00,Ate food close to bedtime?,false,
2026-04-13 02:33:51,2026-04-14 01:31:01,UTC-04:00,Consumed magnesium?,false,
2026-04-13 02:33:51,2026-04-14 01:31:01,UTC-04:00,Tracked your calories?,true,
2026-04-13 02:33:51,2026-04-14 01:31:01,UTC-04:00,Consumed protein?,true,
2026-04-13 02:33:51,2026-04-14 01:31:01,UTC-04:00,Consumed caffeine?,true,
2026-04-12 05:02:54,2026-04-13 02:33:51,UTC-04:00,Tracked your calories?,true,
2026-04-12 05:02:54,2026-04-13 02:33:51,UTC-04:00,Consumed caffeine?,false,
2026-04-12 05:02:54,2026-04-13 02:33:51,UTC-04:00,Have any alcoholic drinks?,true,
2026-04-12 05:02:54,2026-04-13 02:33:51,UTC-04:00,Consumed protein?,true,
2026-04-12 05:02:54,2026-04-13 02:33:51,UTC-04:00,Ate food close to bedtime?,false,
2026-04-12 05:02:54,2026-04-13 02:33:51,UTC-04:00,Consumed magnesium?,false,
2026-04-11 04:59:04,2026-04-12 05:02:54,UTC-04:00,Have any alcoholic drinks?,true,
2026-04-11 04:59:04,2026-04-12 05:02:54,UTC-04:00,Consumed protein?,true,
2026-04-11 04:59:04,2026-04-12 05:02:54,UTC-04:00,Consumed magnesium?,false,
2026-04-11 04:59:04,2026-04-12 05:02:54,UTC-04:00,Ate food close to bedtime?,false,
2026-04-11 04:59:04,2026-04-12 05:02:54,UTC-04:00,Tracked your calories?,true,
2026-04-11 04:59:04,2026-04-12 05:02:54,UTC-04:00,Consumed caffeine?,false,
2026-04-10 04:19:01,2026-04-11 04:59:04,UTC-04:00,Tracked your calories?,true,
2026-04-10 04:19:01,2026-04-11 04:59:04,UTC-04:00,Consumed caffeine?,true,
2026-04-10 04:19:01,2026-04-11 04:59:04,UTC-04:00,Have any alcoholic drinks?,true,
2026-04-10 04:19:01,2026-04-11 04:59:04,UTC-04:00,Consumed protein?,true,
2026-04-10 04:19:01,2026-04-11 04:59:04,UTC-04:00,Consumed magnesium?,false,
2026-04-10 04:19:01,2026-04-11 04:59:04,UTC-04:00,Ate food close to bedtime?,false,
2026-04-09 02:42:59,2026-04-10 04:19:01,UTC-04:00,Ate food close to bedtime?,false,
2026-04-09 02:42:59,2026-04-10 04:19:01,UTC-04:00,Consumed magnesium?,true,
2026-04-09 02:42:59,2026-04-10 04:19:01,UTC-04:00,Tracked your calories?,true,
2026-04-09 02:42:59,2026-04-10 04:19:01,UTC-04:00,Consumed protein?,true,
2026-04-09 02:42:59,2026-04-10 04:19:01,UTC-04:00,Consumed caffeine?,true,
2026-04-09 02:42:59,2026-04-10 04:19:01,UTC-04:00,Have any alcoholic drinks?,false,
2026-04-08 03:58:42,2026-04-09 02:42:59,UTC-04:00,Tracked your calories?,true,
2026-04-08 03:58:42,2026-04-09 02:42:59,UTC-04:00,Consumed caffeine?,true,
2026-04-08 03:58:42,2026-04-09 02:42:59,UTC-04:00,Have any alcoholic drinks?,true,
2026-04-08 03:58:42,2026-04-09 02:42:59,UTC-04:00,Consumed protein?,true,
2026-04-08 03:58:42,2026-04-09 02:42:59,UTC-04:00,Ate food close to bedtime?,false,
2026-04-08 03:58:42,2026-04-09 02:42:59,UTC-04:00,Consumed magnesium?,false,
2026-04-07 03:50:19,2026-04-08 03:58:42,UTC-04:00,Have any alcoholic drinks?,true,
2026-04-07 03:50:19,2026-04-08 03:58:42,UTC-04:00,Consumed protein?,true,
2026-04-07 03:50:19,2026-04-08 03:58:42,UTC-04:00,Ate food close to bedtime?,false,
2026-04-07 03:50:19,2026-04-08 03:58:42,UTC-04:00,Consumed caffeine?,true,
2026-04-07 03:50:19,2026-04-08 03:58:42,UTC-04:00,Tracked your calories?,true,
2026-04-07 03:50:19,2026-04-08 03:58:42,UTC-04:00,Consumed magnesium?,true,
2026-04-06 02:52:17,2026-04-07 03:50:19,UTC-04:00,Have any alcoholic drinks?,true,
2026-04-06 02:52:17,2026-04-07 03:50:19,UTC-04:00,Consumed protein?,true,
2026-04-06 02:52:17,2026-04-07 03:50:19,UTC-04:00,Consumed magnesium?,true,
2026-04-06 02:52:17,2026-04-07 03:50:19,UTC-04:00,Ate food close to bedtime?,true,
2026-04-06 02:52:17,2026-04-07 03:50:19,UTC-04:00,Tracked your calories?,true,
2026-04-06 02:52:17,2026-04-07 03:50:19,UTC-04:00,Consumed caffeine?,true,
2026-04-05 02:08:36,2026-04-06 02:52:17,UTC-04:00,Have any alcoholic drinks?,true,
2026-04-05 02:08:36,2026-04-06 02:52:17,UTC-04:00,Ate food close to bedtime?,false,
2026-04-05 02:08:36,2026-04-06 02:52:17,UTC-04:00,Consumed magnesium?,true,
2026-04-05 02:08:36,2026-04-06 02:52:17,UTC-04:00,Tracked your calories?,true,
2026-04-05 02:08:36,2026-04-06 02:52:17,UTC-04:00,Consumed protein?,true,
2026-04-05 02:08:36,2026-04-06 02:52:17,UTC-04:00,Consumed caffeine?,false,
2026-04-04 03:20:32,2026-04-05 02:08:36,UTC-04:00,Consumed caffeine?,true,
2026-04-04 03:20:32,2026-04-05 02:08:36,UTC-04:00,Tracked your calories?,true,
2026-04-04 03:20:32,2026-04-05 02:08:36,UTC-04:00,Have any alcoholic drinks?,true,
2026-04-04 03:20:32,2026-04-05 02:08:36,UTC-04:00,Consumed protein?,true,
2026-04-04 03:20:32,2026-04-05 02:08:36,UTC-04:00,Ate food close to bedtime?,true,
2026-04-04 03:20:32,2026-04-05 02:08:36,UTC-04:00,Consumed magnesium?,true,
2026-04-03 01:40:00,2026-04-04 03:20:32,UTC-04:00,Have any alcoholic drinks?,false,
2026-04-03 01:40:00,2026-04-04 03:20:32,UTC-04:00,Consumed protein?,true,
2026-04-03 01:40:00,2026-04-04 03:20:32,UTC-04:00,Consumed caffeine?,true,
2026-04-03 01:40:00,2026-04-04 03:20:32,UTC-04:00,Tracked your calories?,true,
2026-04-03 01:40:00,2026-04-04 03:20:32,UTC-04:00,Consumed magnesium?,true,
2026-04-03 01:40:00,2026-04-04 03:20:32,UTC-04:00,Ate food close to bedtime?,false,
2026-04-02 02:40:59,2026-04-03 01:40:00,UTC-04:00,Consumed caffeine?,true,
2026-04-02 02:40:59,2026-04-03 01:40:00,UTC-04:00,Have any alcoholic drinks?,false,
2026-04-02 02:40:59,2026-04-03 01:40:00,UTC-04:00,Tracked your calories?,true,
2026-04-02 02:40:59,2026-04-03 01:40:00,UTC-04:00,Consumed protein?,true,
2026-04-02 02:40:59,2026-04-03 01:40:00,UTC-04:00,Consumed magnesium?,false,
2026-04-02 02:40:59,2026-04-03 01:40:00,UTC-04:00,Ate food close to bedtime?,false,
2026-04-01 01:47:34,2026-04-02 02:40:59,UTC-04:00,Ate food close to bedtime?,true,
2026-04-01 01:47:34,2026-04-02 02:40:59,UTC-04:00,Consumed protein?,true,
2026-04-01 01:47:34,2026-04-02 02:40:59,UTC-04:00,Tracked your calories?,true,
2026-04-01 01:47:34,2026-04-02 02:40:59,UTC-04:00,Consumed caffeine?,true,
2026-04-01 01:47:34,2026-04-02 02:40:59,UTC-04:00,Have any alcoholic drinks?,false,
2026-04-01 01:47:34,2026-04-02 02:40:59,UTC-04:00,Consumed magnesium?,false,
2026-03-31 01:52:28,2026-04-01 01:47:34,UTC-04:00,Tracked your calories?,true,
2026-03-31 01:52:28,2026-04-01 01:47:34,UTC-04:00,Consumed caffeine?,true,
2026-03-31 01:52:28,2026-04-01 01:47:34,UTC-04:00,Consumed protein?,true,
2026-03-31 01:52:28,2026-04-01 01:47:34,UTC-04:00,Consumed magnesium?,true,
2026-03-31 01:52:28,2026-04-01 01:47:34,UTC-04:00,Ate food close to bedtime?,false,
2026-03-31 01:52:28,2026-04-01 01:47:34,UTC-04:00,Have any alcoholic drinks?,false,
2026-03-30 02:23:29,2026-03-31 01:52:28,UTC-04:00,Consumed caffeine?,true,
2026-03-30 02:23:29,2026-03-31 01:52:28,UTC-04:00,Have any alcoholic drinks?,false,
2026-03-30 02:23:29,2026-03-31 01:52:28,UTC-04:00,Tracked your calories?,true,
2026-03-30 02:23:29,2026-03-31 01:52:28,UTC-04:00,Consumed protein?,true,
2026-03-30 02:23:29,2026-03-31 01:52:28,UTC-04:00,Consumed magnesium?,true,
2026-03-30 02:23:29,2026-03-31 01:52:28,UTC-04:00,Ate food close to bedtime?,false,
2026-03-29 01:55:20,2026-03-30 02:23:29,UTC-04:00,Have any alcoholic drinks?,false,
2026-03-29 01:55:20,2026-03-30 02:23:29,UTC-04:00,Tracked your calories?,true,
2026-03-29 01:55:20,2026-03-30 02:23:29,UTC-04:00,Consumed caffeine?,true,
2026-03-29 01:55:20,2026-03-30 02:23:29,UTC-04:00,Consumed protein?,true,
2026-03-29 01:55:20,2026-03-30 02:23:29,UTC-04:00,Consumed magnesium?,true,
2026-03-29 01:55:20,2026-03-30 02:23:29,UTC-04:00,Ate food close to bedtime?,false,
2026-03-28 01:34:13,2026-03-29 01:55:20,UTC-04:00,Consumed caffeine?,false,
2026-03-28 01:34:13,2026-03-29 01:55:20,UTC-04:00,Have any alcoholic drinks?,false,
2026-03-28 01:34:13,2026-03-29 01:55:20,UTC-04:00,Consumed protein?,true,
2026-03-28 01:34:13,2026-03-29 01:55:20,UTC-04:00,Consumed magnesium?,true,
2026-03-28 01:34:13,2026-03-29 01:55:20,UTC-04:00,Ate food close to bedtime?,true,
2026-03-28 01:34:13,2026-03-29 01:55:20,UTC-04:00,Tracked your calories?,true,
2026-03-27 03:10:51,2026-03-28 01:34:13,UTC-04:00,Ate food close to bedtime?,false,
2026-03-27 03:10:51,2026-03-28 01:34:13,UTC-04:00,Tracked your calories?,true,
2026-03-27 03:10:51,2026-03-28 01:34:13,UTC-04:00,Consumed magnesium?,false,
2026-03-27 03:10:51,2026-03-28 01:34:13,UTC-04:00,Consumed caffeine?,true,
2026-03-27 03:10:51,2026-03-28 01:34:13,UTC-04:00,Consumed protein?,true,
2026-03-27 03:10:51,2026-03-28 01:34:13,UTC-04:00,Have any alcoholic drinks?,true,
2026-03-26 03:28:02,2026-03-27 03:10:51,UTC-04:00,Consumed caffeine?,true,
2026-03-26 03:28:02,2026-03-27 03:10:51,UTC-04:00,Have any alcoholic drinks?,false,
2026-03-26 03:28:02,2026-03-27 03:10:51,UTC-04:00,Tracked your calories?,true,
2026-03-26 03:28:02,2026-03-27 03:10:51,UTC-04:00,Consumed protein?,true,
2026-03-26 03:28:02,2026-03-27 03:10:51,UTC-04:00,Consumed magnesium?,true,
2026-03-26 03:28:02,2026-03-27 03:10:51,UTC-04:00,Ate food close to bedtime?,true,
2026-03-25 02:34:11,2026-03-26 03:28:02,UTC-04:00,Have any alcoholic drinks?,false,
2026-03-25 02:34:11,2026-03-26 03:28:02,UTC-04:00,Ate food close to bedtime?,true,
2026-03-25 02:34:11,2026-03-26 03:28:02,UTC-04:00,Tracked your calories?,true,
2026-03-25 02:34:11,2026-03-26 03:28:02,UTC-04:00,Consumed caffeine?,true,
2026-03-25 02:34:11,2026-03-26 03:28:02,UTC-04:00,Consumed protein?,true,
2026-03-25 02:34:11,2026-03-26 03:28:02,UTC-04:00,Consumed magnesium?,true,
2026-03-24 03:30:23,2026-03-25 02:34:11,UTC-04:00,Have any alcoholic drinks?,false,
2026-03-24 03:30:23,2026-03-25 02:34:11,UTC-04:00,Consumed magnesium?,true,
2026-03-24 03:30:23,2026-03-25 02:34:11,UTC-04:00,Tracked your calories?,true,
2026-03-24 03:30:23,2026-03-25 02:34:11,UTC-04:00,Consumed protein?,true,
2026-03-24 03:30:23,2026-03-25 02:34:11,UTC-04:00,Ate food close to bedtime?,true,
2026-03-24 03:30:23,2026-03-25 02:34:11,UTC-04:00,Consumed caffeine?,true,
2026-03-23 03:20:18,2026-03-24 03:30:23,UTC-04:00,Tracked your calories?,true,
2026-03-23 03:20:18,2026-03-24 03:30:23,UTC-04:00,Consumed magnesium?,true,
2026-03-23 03:20:18,2026-03-24 03:30:23,UTC-04:00,Consumed caffeine?,true,
2026-03-23 03:20:18,2026-03-24 03:30:23,UTC-04:00,Consumed protein?,true,
2026-03-23 03:20:18,2026-03-24 03:30:23,UTC-04:00,Have any alcoholic drinks?,false,
2026-03-23 03:20:18,2026-03-24 03:30:23,UTC-04:00,Ate food close to bedtime?,true,
2026-03-22 03:21:04,2026-03-23 03:20:18,UTC-04:00,Have any alcoholic drinks?,true,
2026-03-22 03:21:04,2026-03-23 03:20:18,UTC-04:00,Tracked your calories?,true,
2026-03-22 03:21:04,2026-03-23 03:20:18,UTC-04:00,Consumed protein?,true,
2026-03-22 03:21:04,2026-03-23 03:20:18,UTC-04:00,Consumed magnesium?,false,
2026-03-22 03:21:04,2026-03-23 03:20:18,UTC-04:00,Ate food close to bedtime?,false,
2026-03-22 03:21:04,2026-03-23 03:20:18,UTC-04:00,Consumed caffeine?,true,
2026-03-21 02:12:13,2026-03-22 03:21:04,UTC-04:00,Have any alcoholic drinks?,true,
2026-03-21 02:12:13,2026-03-22 03:21:04,UTC-04:00,Consumed protein?,true,
2026-03-21 02:12:13,2026-03-22 03:21:04,UTC-04:00,Consumed magnesium?,true,
2026-03-21 02:12:13,2026-03-22 03:21:04,UTC-04:00,Ate food close to bedtime?,true,
2026-03-21 02:12:13,2026-03-22 03:21:04,UTC-04:00,Tracked your calories?,true,
2026-03-21 02:12:13,2026-03-22 03:21:04,UTC-04:00,Consumed caffeine?,true,
2026-03-20 03:58:56,2026-03-21 02:12:13,UTC-04:00,Consumed caffeine?,true,
2026-03-20 03:58:56,2026-03-21 02:12:13,UTC-04:00,Have any alcoholic drinks?,true,
2026-03-20 03:58:56,2026-03-21 02:12:13,UTC-04:00,Consumed protein?,true,
2026-03-20 03:58:56,2026-03-21 02:12:13,UTC-04:00,Consumed magnesium?,true,
2026-03-20 03:58:56,2026-03-21 02:12:13,UTC-04:00,Ate food close to bedtime?,false,
2026-03-20 03:58:56,2026-03-21 02:12:13,UTC-04:00,Tracked your calories?,true,
2026-03-19 03:56:03,2026-03-20 03:58:56,UTC-04:00,Ate food close to bedtime?,true,
2026-03-19 03:56:03,2026-03-20 03:58:56,UTC-04:00,Tracked your calories?,true,
2026-03-19 03:56:03,2026-03-20 03:58:56,UTC-04:00,Consumed magnesium?,true,
2026-03-19 03:56:03,2026-03-20 03:58:56,UTC-04:00,Consumed caffeine?,true,
2026-03-19 03:56:03,2026-03-20 03:58:56,UTC-04:00,Consumed protein?,true,
2026-03-19 03:56:03,2026-03-20 03:58:56,UTC-04:00,Have any alcoholic drinks?,true,
2026-03-18 03:27:30,2026-03-19 03:56:03,UTC-04:00,Consumed caffeine?,true,
2026-03-18 03:27:30,2026-03-19 03:56:03,UTC-04:00,Have any alcoholic drinks?,true,
2026-03-18 03:27:30,2026-03-19 03:56:03,UTC-04:00,Ate food close to bedtime?,true,
2026-03-18 03:27:30,2026-03-19 03:56:03,UTC-04:00,Consumed magnesium?,true,
2026-03-18 03:27:30,2026-03-19 03:56:03,UTC-04:00,Consumed protein?,true,
2026-03-18 03:27:30,2026-03-19 03:56:03,UTC-04:00,Tracked your calories?,true,
2026-03-17 04:26:00,2026-03-18 03:27:30,UTC-04:00,Consumed caffeine?,true,
2026-03-17 04:26:00,2026-03-18 03:27:30,UTC-04:00,Have any alcoholic drinks?,false,
2026-03-17 04:26:00,2026-03-18 03:27:30,UTC-04:00,Ate food close to bedtime?,true,
2026-03-17 04:26:00,2026-03-18 03:27:30,UTC-04:00,Tracked your calories?,true,
2026-03-16 02:44:41,2026-03-17 04:26:00,UTC-04:00,Have any alcoholic drinks?,false,
2026-03-16 02:44:41,2026-03-17 04:26:00,UTC-04:00,Tracked your calories?,true,
2026-03-16 02:44:41,2026-03-17 04:26:00,UTC-04:00,Consumed caffeine?,false,
2026-03-16 02:44:41,2026-03-17 04:26:00,UTC-04:00,Ate food close to bedtime?,true,
2026-03-15 02:09:19,2026-03-16 02:44:41,UTC-04:00,Ate food close to bedtime?,false,
2026-03-15 02:09:19,2026-03-16 02:44:41,UTC-04:00,Tracked your calories?,true,
2026-03-15 02:09:19,2026-03-16 02:44:41,UTC-04:00,Consumed caffeine?,false,
2026-03-15 02:09:19,2026-03-16 02:44:41,UTC-04:00,Have any alcoholic drinks?,false,
2026-03-14 03:03:45,2026-03-15 02:09:19,UTC-04:00,Consumed caffeine?,true,
2026-03-14 03:03:45,2026-03-15 02:09:19,UTC-04:00,Have any alcoholic drinks?,false,
2026-03-14 03:03:45,2026-03-15 02:09:19,UTC-04:00,Tracked your calories?,true,
2026-03-14 03:03:45,2026-03-15 02:09:19,UTC-04:00,Ate food close to bedtime?,false,
2026-03-13 03:49:15,2026-03-14 03:03:45,UTC-04:00,Consumed caffeine?,true,
2026-03-13 03:49:15,2026-03-14 03:03:45,UTC-04:00,Have any alcoholic drinks?,true,
2026-03-13 03:49:15,2026-03-14 03:03:45,UTC-04:00,Ate food close to bedtime?,true,
2026-03-13 03:49:15,2026-03-14 03:03:45,UTC-04:00,Tracked your calories?,true,
2026-03-12 03:28:51,2026-03-13 03:49:15,UTC-04:00,Have any alcoholic drinks?,false,
2026-03-12 03:28:51,2026-03-13 03:49:15,UTC-04:00,Tracked your calories?,true,
2026-03-12 03:28:51,2026-03-13 03:49:15,UTC-04:00,Ate food close to bedtime?,false,
2026-03-12 03:28:51,2026-03-13 03:49:15,UTC-04:00,Consumed caffeine?,true,
2026-03-11 02:10:30,2026-03-12 03:28:51,UTC-04:00,Have any alcoholic drinks?,false,
2026-03-11 02:10:30,2026-03-12 03:28:51,UTC-04:00,Ate food close to bedtime?,true,
2026-03-11 02:10:30,2026-03-12 03:28:51,UTC-04:00,Tracked your calories?,true,
2026-03-11 02:10:30,2026-03-12 03:28:51,UTC-04:00,Consumed caffeine?,false,
2026-03-10 04:26:16,2026-03-11 02:10:30,UTC-04:00,Consumed caffeine?,true,
2026-03-10 04:26:16,2026-03-11 02:10:30,UTC-04:00,Have any alcoholic drinks?,true,
2026-03-10 04:26:16,2026-03-11 02:10:30,UTC-04:00,Tracked your calories?,true,
2026-03-10 04:26:16,2026-03-11 02:10:30,UTC-04:00,Ate food close to bedtime?,true,
2026-03-09 04:19:46,2026-03-10 04:26:16,UTC-04:00,Consumed caffeine?,true,
2026-03-09 04:19:46,2026-03-10 04:26:16,UTC-04:00,Have any alcoholic drinks?,false,
2026-03-09 04:19:46,2026-03-10 04:26:16,UTC-04:00,Ate food close to bedtime?,false,
2026-03-09 04:19:46,2026-03-10 04:26:16,UTC-04:00,Tracked your calories?,true,
2026-03-08 04:40:18,2026-03-09 04:19:46,UTC-04:00,Consumed caffeine?,true,
2026-03-08 04:40:18,2026-03-09 04:19:46,UTC-04:00,Have any alcoholic drinks?,true,
2026-03-08 04:40:18,2026-03-09 04:19:46,UTC-04:00,Tracked your calories?,true,
2026-03-08 04:40:18,2026-03-09 04:19:46,UTC-04:00,Ate food close to bedtime?,true,
2026-03-07 02:38:36,2026-03-08 03:40:18,UTC-05:00,Ate food close to bedtime?,false,
2026-03-07 02:38:36,2026-03-08 03:40:18,UTC-05:00,Tracked your calories?,true,
2026-03-07 02:38:36,2026-03-08 03:40:18,UTC-05:00,Consumed caffeine?,true,
2026-03-07 02:38:36,2026-03-08 03:40:18,UTC-05:00,Have any alcoholic drinks?,true,
2026-03-06 03:33:02,2026-03-07 02:38:36,UTC-05:00,Ate food close to bedtime?,false,
2026-03-06 03:33:02,2026-03-07 02:38:36,UTC-05:00,Have any alcoholic drinks?,false,
2026-03-06 03:33:02,2026-03-07 02:38:36,UTC-05:00,Tracked your calories?,true,
2026-03-06 03:33:02,2026-03-07 02:38:36,UTC-05:00,Consumed caffeine?,true,
2026-03-05 03:45:45,2026-03-06 03:33:02,UTC-05:00,Consumed caffeine?,true,
2026-03-05 03:45:45,2026-03-06 03:33:02,UTC-05:00,Have any alcoholic drinks?,false,
2026-03-05 03:45:45,2026-03-06 03:33:02,UTC-05:00,Ate food close to bedtime?,false,
2026-03-05 03:45:45,2026-03-06 03:33:02,UTC-05:00,Tracked your calories?,true,
2026-03-04 01:46:19,2026-03-05 03:45:45,UTC-05:00,Consumed caffeine?,false,
2026-03-04 01:46:19,2026-03-05 03:45:45,UTC-05:00,Have any alcoholic drinks?,false,
2026-03-04 01:46:19,2026-03-05 03:45:45,UTC-05:00,Tracked your calories?,true,
2026-03-04 01:46:19,2026-03-05 03:45:45,UTC-05:00,Ate food close to bedtime?,false,
2026-03-03 03:25:52,2026-03-04 01:46:19,UTC-05:00,Have any alcoholic drinks?,false,
2026-03-03 03:25:52,2026-03-04 01:46:19,UTC-05:00,Ate food close to bedtime?,true,
2026-03-03 03:25:52,2026-03-04 01:46:19,UTC-05:00,Tracked your calories?,true,
2026-03-03 03:25:52,2026-03-04 01:46:19,UTC-05:00,Consumed caffeine?,true,
2026-03-02 02:54:40,2026-03-03 03:25:52,UTC-05:00,Consumed caffeine?,true,
2026-03-02 02:54:40,2026-03-03 03:25:52,UTC-05:00,Have any alcoholic drinks?,false,
2026-03-02 02:54:40,2026-03-03 03:25:52,UTC-05:00,Tracked your calories?,true,
2026-03-02 02:54:40,2026-03-03 03:25:52,UTC-05:00,Ate food close to bedtime?,true,
2026-03-01 03:29:35,2026-03-02 02:54:40,UTC-05:00,Consumed caffeine?,true,
2026-03-01 03:29:35,2026-03-02 02:54:40,UTC-05:00,Have any alcoholic drinks?,true,
2026-03-01 03:29:35,2026-03-02 02:54:40,UTC-05:00,Ate food close to bedtime?,true,
2026-03-01 03:29:35,2026-03-02 02:54:40,UTC-05:00,Tracked your calories?,true,
2026-02-28 04:24:04,2026-03-01 03:29:35,UTC-05:00,Consumed caffeine?,true,
2026-02-28 04:24:04,2026-03-01 03:29:35,UTC-05:00,Have any alcoholic drinks?,true,
2026-02-28 04:24:04,2026-03-01 03:29:35,UTC-05:00,Tracked your calories?,true,
2026-02-28 04:24:04,2026-03-01 03:29:35,UTC-05:00,Ate food close to bedtime?,true,
2026-02-27 02:55:12,2026-02-28 04:24:04,UTC-05:00,Ate food close to bedtime?,false,
2026-02-27 02:55:12,2026-02-28 04:24:04,UTC-05:00,Tracked your calories?,true,
2026-02-27 02:55:12,2026-02-28 04:24:04,UTC-05:00,Consumed caffeine?,true,
2026-02-27 02:55:12,2026-02-28 04:24:04,UTC-05:00,Have any alcoholic drinks?,false,
2026-02-26 02:05:39,2026-02-27 02:55:12,UTC-05:00,Consumed caffeine?,true,
2026-02-26 02:05:39,2026-02-27 02:55:12,UTC-05:00,Have any alcoholic drinks?,true,
2026-02-26 02:05:39,2026-02-27 02:55:12,UTC-05:00,Tracked your calories?,true,
2026-02-26 02:05:39,2026-02-27 02:55:12,UTC-05:00,Ate food close to bedtime?,false,
2026-02-25 03:07:42,2026-02-26 02:05:39,UTC-05:00,Consumed caffeine?,true,
2026-02-25 03:07:42,2026-02-26 02:05:39,UTC-05:00,Have any alcoholic drinks?,false,
2026-02-25 03:07:42,2026-02-26 02:05:39,UTC-05:00,Ate food close to bedtime?,false,
2026-02-25 03:07:42,2026-02-26 02:05:39,UTC-05:00,Tracked your calories?,true,
2026-02-24 04:06:46,2026-02-25 03:07:42,UTC-05:00,Consumed caffeine?,true,
2026-02-24 04:06:46,2026-02-25 03:07:42,UTC-05:00,Have any alcoholic drinks?,false,
2026-02-24 04:06:46,2026-02-25 03:07:42,UTC-05:00,Tracked your calories?,true,
2026-02-24 04:06:46,2026-02-25 03:07:42,UTC-05:00,Ate food close to bedtime?,false,
2026-02-23 03:01:12,2026-02-24 04:06:46,UTC-05:00,Have any alcoholic drinks?,false,
2026-02-23 03:01:12,2026-02-24 04:06:46,UTC-05:00,Ate food close to bedtime?,false,
2026-02-23 03:01:12,2026-02-24 04:06:46,UTC-05:00,Tracked your calories?,true,
2026-02-23 03:01:12,2026-02-24 04:06:46,UTC-05:00,Consumed caffeine?,true,
2026-02-22 03:24:44,2026-02-23 03:01:12,UTC-05:00,Consumed caffeine?,true,
2026-02-22 03:24:44,2026-02-23 03:01:12,UTC-05:00,Have any alcoholic drinks?,false,
2026-02-22 03:24:44,2026-02-23 03:01:12,UTC-05:00,Tracked your calories?,true,
2026-02-22 03:24:44,2026-02-23 03:01:12,UTC-05:00,Ate food close to bedtime?,false,
2026-02-21 03:01:11,2026-02-22 03:24:44,UTC-05:00,Consumed caffeine?,true,
2026-02-21 03:01:11,2026-02-22 03:24:44,UTC-05:00,Have any alcoholic drinks?,false,
2026-02-21 03:01:11,2026-02-22 03:24:44,UTC-05:00,Ate food close to bedtime?,true,
2026-02-21 03:01:11,2026-02-22 03:24:44,UTC-05:00,Tracked your calories?,true,
2026-02-20 02:54:45,2026-02-21 03:01:11,UTC-05:00,Consumed caffeine?,true,
2026-02-20 02:54:45,2026-02-21 03:01:11,UTC-05:00,Have any alcoholic drinks?,false,
2026-02-20 02:54:45,2026-02-21 03:01:11,UTC-05:00,Tracked your calories?,true,
2026-02-20 02:54:45,2026-02-21 03:01:11,UTC-05:00,Ate food close to bedtime?,true,
2026-02-19 01:12:28,2026-02-20 02:54:45,UTC-05:00,Ate food close to bedtime?,false,
2026-02-19 01:12:28,2026-02-20 02:54:45,UTC-05:00,Tracked your calories?,true,
2026-02-19 01:12:28,2026-02-20 02:54:45,UTC-05:00,Consumed caffeine?,true,
2026-02-19 01:12:28,2026-02-20 02:54:45,UTC-05:00,Have any alcoholic drinks?,false,
2026-02-18 01:48:59,2026-02-19 01:12:28,UTC-05:00,Consumed caffeine?,true,
2026-02-18 01:48:59,2026-02-19 01:12:28,UTC-05:00,Have any alcoholic drinks?,true,
2026-02-18 01:48:59,2026-02-19 01:12:28,UTC-05:00,Ate food close to bedtime?,false,
2026-02-18 01:48:59,2026-02-19 01:12:28,UTC-05:00,Tracked your calories?,true,
2026-02-17 00:53:03,2026-02-18 01:48:59,UTC-05:00,Consumed caffeine?,true,
2026-02-17 00:53:03,2026-02-18 01:48:59,UTC-05:00,Have any alcoholic drinks?,true,
2026-02-17 00:53:03,2026-02-18 01:48:59,UTC-05:00,Ate food close to bedtime?,false,
2026-02-17 00:53:03,2026-02-18 01:48:59,UTC-05:00,Tracked your calories?,true,
2026-02-16 02:08:01,2026-02-17 00:53:03,UTC-05:00,Have any alcoholic drinks?,true,
2026-02-16 02:08:01,2026-02-17 00:53:03,UTC-05:00,Tracked your calories?,true,
2026-02-16 02:08:01,2026-02-17 00:53:03,UTC-05:00,Ate food close to bedtime?,true,
2026-02-16 02:08:01,2026-02-17 00:53:03,UTC-05:00,Consumed caffeine?,true,
2026-02-15 01:30:59,2026-02-16 02:08:01,UTC-05:00,Have any alcoholic drinks?,true,
2026-02-15 01:30:59,2026-02-16 02:08:01,UTC-05:00,Ate food close to bedtime?,false,
2026-02-15 01:30:59,2026-02-16 02:08:01,UTC-05:00,Tracked your calories?,true,
2026-02-15 01:30:59,2026-02-16 02:08:01,UTC-05:00,Consumed caffeine?,true,
2026-02-14 04:10:53,2026-02-15 01:30:59,UTC-05:00,Consumed caffeine?,true,
2026-02-14 04:10:53,2026-02-15 01:30:59,UTC-05:00,Have any alcoholic drinks?,false,
2026-02-14 04:10:53,2026-02-15 01:30:59,UTC-05:00,Tracked your calories?,true,
2026-02-14 04:10:53,2026-02-15 01:30:59,UTC-05:00,Ate food close to bedtime?,false,
2026-02-13 01:06:40,2026-02-14 04:10:53,UTC-05:00,Consumed caffeine?,true,
2026-02-13 01:06:40,2026-02-14 04:10:53,UTC-05:00,Have any alcoholic drinks?,false,
2026-02-13 01:06:40,2026-02-14 04:10:53,UTC-05:00,Ate food close to bedtime?,false,
2026-02-13 01:06:40,2026-02-14 04:10:53,UTC-05:00,Tracked your calories?,true,
2026-02-12 01:12:26,2026-02-13 01:06:40,UTC-05:00,Have any alcoholic drinks?,true,
2026-02-12 01:12:26,2026-02-13 01:06:40,UTC-05:00,Ate food close to bedtime?,false,
2026-02-12 01:12:26,2026-02-13 01:06:40,UTC-05:00,Consumed caffeine?,true,
2026-02-12 01:12:26,2026-02-13 01:06:40,UTC-05:00,Tracked your calories?,true,
2026-02-11 00:41:26,2026-02-12 01:12:26,UTC-05:00,Ate food close to bedtime?,false,
2026-02-11 00:41:26,2026-02-12 01:12:26,UTC-05:00,Tracked your calories?,true,
2026-02-11 00:41:26,2026-02-12 01:12:26,UTC-05:00,Consumed caffeine?,true,
2026-02-11 00:41:26,2026-02-12 01:12:26,UTC-05:00,Have any alcoholic drinks?,false,
2026-02-10 00:58:21,2026-02-11 00:41:26,UTC-05:00,Consumed caffeine?,true,
2026-02-10 00:58:21,2026-02-11 00:41:26,UTC-05:00,Have any alcoholic drinks?,false,
2026-02-10 00:58:21,2026-02-11 00:41:26,UTC-05:00,Tracked your calories?,true,
2026-02-10 00:58:21,2026-02-11 00:41:26,UTC-05:00,Ate food close to bedtime?,false,
2026-02-09 01:04:49,2026-02-10 00:58:21,UTC-05:00,Consumed caffeine?,true,
2026-02-09 01:04:49,2026-02-10 00:58:21,UTC-05:00,Have any alcoholic drinks?,false,
2026-02-09 01:04:49,2026-02-10 00:58:21,UTC-05:00,Ate food close to bedtime?,false,
2026-02-09 01:04:49,2026-02-10 00:58:21,UTC-05:00,Tracked your calories?,true,
2026-02-08 02:48:14,2026-02-09 01:04:49,UTC-05:00,Have any alcoholic drinks?,true,
2026-02-08 02:48:14,2026-02-09 01:04:49,UTC-05:00,Tracked your calories?,true,
2026-02-08 02:48:14,2026-02-09 01:04:49,UTC-05:00,Ate food close to bedtime?,false,
2026-02-08 02:48:14,2026-02-09 01:04:49,UTC-05:00,Consumed caffeine?,true,
2026-02-07 03:13:56,2026-02-08 02:48:14,UTC-05:00,Have any alcoholic drinks?,true,
2026-02-07 03:13:56,2026-02-08 02:48:14,UTC-05:00,Ate food close to bedtime?,true,
2026-02-07 03:13:56,2026-02-08 02:48:14,UTC-05:00,Tracked your calories?,true,
2026-02-07 03:13:56,2026-02-08 02:48:14,UTC-05:00,Consumed caffeine?,true,
2026-02-06 01:29:02,2026-02-07 03:13:56,UTC-05:00,Tracked your calories?,true,
2026-02-06 01:29:02,2026-02-07 03:13:56,UTC-05:00,Ate food close to bedtime?,false,
2026-02-06 01:29:02,2026-02-07 03:13:56,UTC-05:00,Consumed caffeine?,true,
2026-02-06 01:29:02,2026-02-07 03:13:56,UTC-05:00,Have any alcoholic drinks?,false,
2026-02-05 02:38:00,2026-02-06 01:29:02,UTC-05:00,Ate food close to bedtime?,false,
2026-02-05 02:38:00,2026-02-06 01:29:02,UTC-05:00,Tracked your calories?,true,
2026-02-05 02:38:00,2026-02-06 01:29:02,UTC-05:00,Consumed caffeine?,true,
2026-02-05 02:38:00,2026-02-06 01:29:02,UTC-05:00,Have any alcoholic drinks?,false,
2026-02-04 00:10:20,2026-02-05 02:38:00,UTC-05:00,Have any alcoholic drinks?,false,
2026-02-04 00:10:20,2026-02-05 02:38:00,UTC-05:00,Consumed caffeine?,true,
2026-02-04 00:10:20,2026-02-05 02:38:00,UTC-05:00,Tracked your calories?,true,
2026-02-04 00:10:20,2026-02-05 02:38:00,UTC-05:00,Ate food close to bedtime?,false,
2026-02-03 00:34:20,2026-02-04 00:10:20,UTC-05:00,Have any alcoholic drinks?,false,
2026-02-03 00:34:20,2026-02-04 00:10:20,UTC-05:00,Consumed caffeine?,true,
2026-02-03 00:34:20,2026-02-04 00:10:20,UTC-05:00,Ate food close to bedtime?,true,
2026-02-03 00:34:20,2026-02-04 00:10:20,UTC-05:00,Tracked your calories?,true,
2026-02-01 23:22:35,2026-02-03 00:34:20,UTC-05:00,Have any alcoholic drinks?,false,
2026-02-01 23:22:35,2026-02-03 00:34:20,UTC-05:00,Consumed caffeine?,true,
2026-02-01 23:22:35,2026-02-03 00:34:20,UTC-05:00,Ate food close to bedtime?,true,
2026-02-01 23:22:35,2026-02-03 00:34:20,UTC-05:00,Tracked your calories?,true,
2026-02-01 01:23:11,2026-02-01 23:22:35,UTC-05:00,Have any alcoholic drinks?,false,
2026-02-01 01:23:11,2026-02-01 23:22:35,UTC-05:00,Consumed caffeine?,true,
2026-02-01 01:23:11,2026-02-01 23:22:35,UTC-05:00,Tracked your calories?,true,
2026-02-01 01:23:11,2026-02-01 23:22:35,UTC-05:00,Ate food close to bedtime?,false,
2026-01-31 00:41:39,2026-02-01 01:23:11,UTC-05:00,Have any alcoholic drinks?,false,
2026-01-31 00:41:39,2026-02-01 01:23:11,UTC-05:00,Consumed caffeine?,true,
2026-01-31 00:41:39,2026-02-01 01:23:11,UTC-05:00,Ate food close to bedtime?,false,
2026-01-31 00:41:39,2026-02-01 01:23:11,UTC-05:00,Tracked your calories?,true,
2026-01-29 23:55:30,2026-01-31 00:41:39,UTC-05:00,Have any alcoholic drinks?,false,
2026-01-29 23:55:30,2026-01-31 00:41:39,UTC-05:00,Consumed caffeine?,true,
2026-01-29 23:55:30,2026-01-31 00:41:39,UTC-05:00,Tracked your calories?,true,
2026-01-29 23:55:30,2026-01-31 00:41:39,UTC-05:00,Ate food close to bedtime?,false,
2026-01-28 22:31:26,2026-01-29 23:55:30,UTC-05:00,Have any alcoholic drinks?,false,
2026-01-28 22:31:26,2026-01-29 23:55:30,UTC-05:00,Consumed caffeine?,true,
2026-01-28 22:31:26,2026-01-29 23:55:30,UTC-05:00,Tracked your calories?,true,
2026-01-28 22:31:26,2026-01-29 23:55:30,UTC-05:00,Ate food close to bedtime?,false,
2026-01-27 22:38:39,2026-01-28 22:31:26,UTC-05:00,Have any alcoholic drinks?,false,
2026-01-27 22:38:39,2026-01-28 22:31:26,UTC-05:00,Consumed caffeine?,true,
2026-01-27 22:38:39,2026-01-28 22:31:26,UTC-05:00,Tracked your calories?,true,
2026-01-27 22:38:39,2026-01-28 22:31:26,UTC-05:00,Ate food close to bedtime?,false,
2026-01-27 01:38:58,2026-01-27 22:38:39,UTC-05:00,Have any alcoholic drinks?,false,
2026-01-27 01:38:58,2026-01-27 22:38:39,UTC-05:00,Consumed caffeine?,true,
2026-01-27 01:38:58,2026-01-27 22:38:39,UTC-05:00,Tracked your calories?,true,
2026-01-27 01:38:58,2026-01-27 22:38:39,UTC-05:00,Ate food close to bedtime?,true,
2026-01-26 01:07:57,2026-01-27 01:38:58,UTC-05:00,Have any alcoholic drinks?,false,
2026-01-26 01:07:57,2026-01-27 01:38:58,UTC-05:00,Consumed caffeine?,true,
2026-01-26 01:07:57,2026-01-27 01:38:58,UTC-05:00,Tracked your calories?,true,
2026-01-26 01:07:57,2026-01-27 01:38:58,UTC-05:00,Ate food close to bedtime?,false,
2026-01-25 01:03:18,2026-01-26 01:07:57,UTC-05:00,Have any alcoholic drinks?,true,
2026-01-25 01:03:18,2026-01-26 01:07:57,UTC-05:00,Consumed caffeine?,true,
2026-01-25 01:03:18,2026-01-26 01:07:57,UTC-05:00,Tracked your calories?,true,
2026-01-25 01:03:18,2026-01-26 01:07:57,UTC-05:00,Ate food close to bedtime?,true,
2026-01-24 01:00:17,2026-01-25 01:03:18,UTC-05:00,Have any alcoholic drinks?,false,
2026-01-24 01:00:17,2026-01-25 01:03:18,UTC-05:00,Consumed caffeine?,true,
2026-01-24 01:00:17,2026-01-25 01:03:18,UTC-05:00,Tracked your calories?,true,
2026-01-24 01:00:17,2026-01-25 01:03:18,UTC-05:00,Ate food close to bedtime?,false,
2026-01-23 03:07:05,2026-01-24 09:00:17,UTC+03:00,Have any alcoholic drinks?,false,
2026-01-23 03:07:05,2026-01-24 09:00:17,UTC+03:00,Consumed caffeine?,true,
2026-01-23 03:07:05,2026-01-24 09:00:17,UTC+03:00,Tracked your calories?,true,
2026-01-23 03:07:05,2026-01-24 09:00:17,UTC+03:00,Ate food close to bedtime?,true,
2026-01-22 01:26:30,2026-01-23 03:07:05,UTC+03:00,Have any alcoholic drinks?,false,
2026-01-22 01:26:30,2026-01-23 03:07:05,UTC+03:00,Consumed caffeine?,true,
2026-01-22 01:26:30,2026-01-23 03:07:05,UTC+03:00,Tracked your calories?,true,
2026-01-22 01:26:30,2026-01-23 03:07:05,UTC+03:00,Ate food close to bedtime?,true,
2026-01-21 02:24:29,2026-01-22 01:26:30,UTC+03:00,Have any alcoholic drinks?,false,
2026-01-21 02:24:29,2026-01-22 01:26:30,UTC+03:00,Consumed caffeine?,true,
2026-01-21 02:24:29,2026-01-22 01:26:30,UTC+03:00,Tracked your calories?,true,
2026-01-21 02:24:29,2026-01-22 01:26:30,UTC+03:00,Ate food close to bedtime?,true,
2026-01-19 02:25:53,2026-01-20 02:29:25,UTC+03:00,Have any alcoholic drinks?,true,
2026-01-19 02:25:53,2026-01-20 02:29:25,UTC+03:00,Consumed caffeine?,true,
2026-01-19 02:25:53,2026-01-20 02:29:25,UTC+03:00,Tracked your calories?,true,
2026-01-19 02:25:53,2026-01-20 02:29:25,UTC+03:00,Ate food close to bedtime?,false,
2026-01-17 01:58:12,2026-01-18 01:17:00,UTC+03:00,Have any alcoholic drinks?,false,
2026-01-17 01:58:12,2026-01-18 01:17:00,UTC+03:00,Consumed caffeine?,true,
2026-01-17 01:58:12,2026-01-18 01:17:00,UTC+03:00,Tracked your calories?,true,
2026-01-17 01:58:12,2026-01-18 01:17:00,UTC+03:00,Ate food close to bedtime?,false,
2026-01-16 02:18:21,2026-01-17 01:58:12,UTC+03:00,Have any alcoholic drinks?,false,
2026-01-16 02:18:21,2026-01-17 01:58:12,UTC+03:00,Consumed caffeine?,true,
2026-01-16 02:18:21,2026-01-17 01:58:12,UTC+03:00,Tracked your calories?,true,
2026-01-16 02:18:21,2026-01-17 01:58:12,UTC+03:00,Ate food close to bedtime?,true,
2026-01-15 03:11:49,2026-01-16 02:18:21,UTC+03:00,Have any alcoholic drinks?,false,
2026-01-15 03:11:49,2026-01-16 02:18:21,UTC+03:00,Consumed caffeine?,true,
2026-01-15 03:11:49,2026-01-16 02:18:21,UTC+03:00,Tracked your calories?,true,
2026-01-15 03:11:49,2026-01-16 02:18:21,UTC+03:00,Ate food close to bedtime?,true,
2026-01-14 02:03:30,2026-01-15 03:11:49,UTC+03:00,Have any alcoholic drinks?,false,
2026-01-14 02:03:30,2026-01-15 03:11:49,UTC+03:00,Consumed caffeine?,true,
2026-01-14 02:03:30,2026-01-15 03:11:49,UTC+03:00,Tracked your calories?,true,
2026-01-14 02:03:30,2026-01-15 03:11:49,UTC+03:00,Ate food close to bedtime?,true,
2026-01-13 01:23:54,2026-01-14 02:03:30,UTC+03:00,Have any alcoholic drinks?,true,
2026-01-13 01:23:54,2026-01-14 02:03:30,UTC+03:00,Consumed caffeine?,true,
2026-01-13 01:23:54,2026-01-14 02:03:30,UTC+03:00,Tracked your calories?,true,
2026-01-13 01:23:54,2026-01-14 02:03:30,UTC+03:00,Ate food close to bedtime?,false,
2026-01-12 03:36:54,2026-01-13 01:23:54,UTC+03:00,Have any alcoholic drinks?,false,
2026-01-12 03:36:54,2026-01-13 01:23:54,UTC+03:00,Consumed caffeine?,true,
2026-01-12 03:36:54,2026-01-13 01:23:54,UTC+03:00,Tracked your calories?,true,
2026-01-12 03:36:54,2026-01-13 01:23:54,UTC+03:00,Dimmed your lights after sunset?,false,
2026-01-12 03:36:54,2026-01-13 01:23:54,UTC+03:00,Ate food close to bedtime?,false,
2026-01-12 03:36:54,2026-01-13 01:23:54,UTC+03:00,Saw direct sunlight upon waking up?,false,
2026-01-11 00:10:22,2026-01-12 03:36:54,UTC+03:00,Have any alcoholic drinks?,true,
2026-01-11 00:10:22,2026-01-12 03:36:54,UTC+03:00,Consumed caffeine?,true,
2026-01-11 00:10:22,2026-01-12 03:36:54,UTC+03:00,Tracked your calories?,true,
2026-01-11 00:10:22,2026-01-12 03:36:54,UTC+03:00,Dimmed your lights after sunset?,false,
2026-01-11 00:10:22,2026-01-12 03:36:54,UTC+03:00,Ate food close to bedtime?,true,
2026-01-11 00:10:22,2026-01-12 03:36:54,UTC+03:00,Saw direct sunlight upon waking up?,false,
2026-01-10 00:46:26,2026-01-11 00:10:22,UTC+03:00,Have any alcoholic drinks?,false,
2026-01-10 00:46:26,2026-01-11 00:10:22,UTC+03:00,Consumed caffeine?,true,
2026-01-10 00:46:26,2026-01-11 00:10:22,UTC+03:00,Tracked your calories?,true,
2026-01-10 00:46:26,2026-01-11 00:10:22,UTC+03:00,Dimmed your lights after sunset?,false,
2026-01-10 00:46:26,2026-01-11 00:10:22,UTC+03:00,Ate food close to bedtime?,true,
2026-01-10 00:46:26,2026-01-11 00:10:22,UTC+03:00,Saw direct sunlight upon waking up?,false,
2026-01-09 04:20:25,2026-01-10 00:46:26,UTC+03:00,Have any alcoholic drinks?,true,
2026-01-09 04:20:25,2026-01-10 00:46:26,UTC+03:00,Consumed caffeine?,true,
2026-01-09 04:20:25,2026-01-10 00:46:26,UTC+03:00,Tracked your calories?,true,
2026-01-09 04:20:25,2026-01-10 00:46:26,UTC+03:00,Dimmed your lights after sunset?,false,
2026-01-09 04:20:25,2026-01-10 00:46:26,UTC+03:00,Ate food close to bedtime?,false,
2026-01-09 04:20:25,2026-01-10 00:46:26,UTC+03:00,Saw direct sunlight upon waking up?,false,
2026-01-08 03:38:37,2026-01-09 04:20:25,UTC+03:00,Have any alcoholic drinks?,false,
2026-01-08 03:38:37,2026-01-09 04:20:25,UTC+03:00,Consumed caffeine?,true,
2026-01-08 03:38:37,2026-01-09 04:20:25,UTC+03:00,Tracked your calories?,true,
2026-01-08 03:38:37,2026-01-09 04:20:25,UTC+03:00,Dimmed your lights after sunset?,false,
2026-01-08 03:38:37,2026-01-09 04:20:25,UTC+03:00,Ate food close to bedtime?,true,
2026-01-08 03:38:37,2026-01-09 04:20:25,UTC+03:00,Saw direct sunlight upon waking up?,false,
2026-01-07 00:26:21,2026-01-08 03:38:37,UTC+03:00,Have any alcoholic drinks?,true,
2026-01-07 00:26:21,2026-01-08 03:38:37,UTC+03:00,Consumed caffeine?,true,
2026-01-07 00:26:21,2026-01-08 03:38:37,UTC+03:00,Tracked your calories?,true,
2026-01-07 00:26:21,2026-01-08 03:38:37,UTC+03:00,Dimmed your lights after sunset?,false,
2026-01-07 00:26:21,2026-01-08 03:38:37,UTC+03:00,Ate food close to bedtime?,false,
2026-01-07 00:26:21,2026-01-08 03:38:37,UTC+03:00,Saw direct sunlight upon waking up?,false,
2026-01-06 01:25:27,2026-01-07 00:26:21,UTC+03:00,Have any alcoholic drinks?,false,
2026-01-06 01:25:27,2026-01-07 00:26:21,UTC+03:00,Consumed caffeine?,true,
2026-01-06 01:25:27,2026-01-07 00:26:21,UTC+03:00,Tracked your calories?,true,
2026-01-06 01:25:27,2026-01-07 00:26:21,UTC+03:00,Dimmed your lights after sunset?,false,
2026-01-06 01:25:27,2026-01-07 00:26:21,UTC+03:00,Ate food close to bedtime?,false,
2026-01-06 01:25:27,2026-01-07 00:26:21,UTC+03:00,Saw direct sunlight upon waking up?,false,
2026-01-05 00:22:16,2026-01-06 01:25:27,UTC+03:00,Have any alcoholic drinks?,true,
2026-01-05 00:22:16,2026-01-06 01:25:27,UTC+03:00,Consumed caffeine?,true,
2026-01-05 00:22:16,2026-01-06 01:25:27,UTC+03:00,Tracked your calories?,true,
2026-01-05 00:22:16,2026-01-06 01:25:27,UTC+03:00,Ate food close to bedtime?,false,
2026-01-03 23:34:44,2026-01-05 00:22:16,UTC+03:00,Have any alcoholic drinks?,true,
2026-01-03 23:34:44,2026-01-05 00:22:16,UTC+03:00,Consumed caffeine?,true,
2026-01-03 23:34:44,2026-01-05 00:22:16,UTC+03:00,Tracked your calories?,true,
2026-01-03 23:34:44,2026-01-05 00:22:16,UTC+03:00,Ate food close to bedtime?,false,
2026-01-02 23:55:00,2026-01-03 23:34:44,UTC+03:00,Have any alcoholic drinks?,false,
2026-01-02 23:55:00,2026-01-03 23:34:44,UTC+03:00,Consumed caffeine?,true,
2026-01-02 23:55:00,2026-01-03 23:34:44,UTC+03:00,Tracked your calories?,true,
2026-01-02 23:55:00,2026-01-03 23:34:44,UTC+03:00,Ate food close to bedtime?,false,
2026-01-01 06:36:14,2026-01-01 23:53:56,UTC+03:00,Have any alcoholic drinks?,true,
2026-01-01 06:36:14,2026-01-01 23:53:56,UTC+03:00,Consumed caffeine?,true,
2026-01-01 06:36:14,2026-01-01 23:53:56,UTC+03:00,Tracked your calories?,true,
2026-01-01 06:36:14,2026-01-01 23:53:56,UTC+03:00,Ate food close to bedtime?,false,
2025-12-31 00:04:40,2026-01-01 06:36:14,UTC+03:00,Have any alcoholic drinks?,false,
2025-12-31 00:04:40,2026-01-01 06:36:14,UTC+03:00,Consumed caffeine?,true,
2025-12-31 00:04:40,2026-01-01 06:36:14,UTC+03:00,Tracked your calories?,true,
2025-12-31 00:04:40,2026-01-01 06:36:14,UTC+03:00,Ate food close to bedtime?,false,
2025-12-29 19:28:09,2025-12-31 00:04:40,UTC+03:00,Have any alcoholic drinks?,false,
2025-12-29 19:28:09,2025-12-31 00:04:40,UTC+03:00,Consumed caffeine?,false,
2025-12-29 19:28:09,2025-12-31 00:04:40,UTC+03:00,Tracked your calories?,true,
2025-12-29 19:28:09,2025-12-31 00:04:40,UTC+03:00,Ate food close to bedtime?,false,
2025-12-29 01:20:49,2025-12-29 19:28:09,UTC+03:00,Have any alcoholic drinks?,false,
2025-12-29 01:20:49,2025-12-29 19:28:09,UTC+03:00,Consumed caffeine?,true,
2025-12-29 01:20:49,2025-12-29 19:28:09,UTC+03:00,Tracked your calories?,true,
2025-12-29 01:20:49,2025-12-29 19:28:09,UTC+03:00,Ate food close to bedtime?,false,
2025-12-28 03:01:18,2025-12-29 01:20:49,UTC+03:00,Have any alcoholic drinks?,true,
2025-12-28 03:01:18,2025-12-29 01:20:49,UTC+03:00,Consumed caffeine?,true,
2025-12-28 03:01:18,2025-12-29 01:20:49,UTC+03:00,Tracked your calories?,true,
2025-12-28 03:01:18,2025-12-29 01:20:49,UTC+03:00,Ate food close to bedtime?,false,
2025-12-27 03:23:18,2025-12-28 03:01:18,UTC+03:00,Have any alcoholic drinks?,false,
2025-12-27 03:23:18,2025-12-28 03:01:18,UTC+03:00,Consumed caffeine?,false,
2025-12-27 03:23:18,2025-12-28 03:01:18,UTC+03:00,Tracked your calories?,true,
2025-12-27 03:23:18,2025-12-28 03:01:18,UTC+03:00,Ate food close to bedtime?,false,
2025-12-24 07:50:00,2025-12-25 22:52:46,UTC-05:00,Have any alcoholic drinks?,false,
2025-12-24 07:50:00,2025-12-25 22:52:46,UTC-05:00,Consumed caffeine?,true,
2025-12-24 07:50:00,2025-12-25 22:52:46,UTC-05:00,Tracked your calories?,true,
2025-12-24 07:50:00,2025-12-25 22:52:46,UTC-05:00,Ate food close to bedtime?,false,
2025-12-23 02:33:28,2025-12-24 04:50:00,UTC-08:00,Have any alcoholic drinks?,true,
2025-12-23 02:33:28,2025-12-24 04:50:00,UTC-08:00,Consumed caffeine?,true,
2025-12-23 02:33:28,2025-12-24 04:50:00,UTC-08:00,Tracked your calories?,true,
2025-12-23 02:33:28,2025-12-24 04:50:00,UTC-08:00,Ate food close to bedtime?,false,
2025-12-22 03:37:56,2025-12-23 02:33:28,UTC-08:00,Have any alcoholic drinks?,true,
2025-12-22 03:37:56,2025-12-23 02:33:28,UTC-08:00,Consumed caffeine?,true,
2025-12-22 03:37:56,2025-12-23 02:33:28,UTC-08:00,Tracked your calories?,true,
2025-12-22 03:37:56,2025-12-23 02:33:28,UTC-08:00,Ate food close to bedtime?,false,
2025-12-21 00:40:24,2025-12-22 03:37:56,UTC-08:00,Have any alcoholic drinks?,true,
2025-12-21 00:40:24,2025-12-22 03:37:56,UTC-08:00,Consumed caffeine?,true,
2025-12-21 00:40:24,2025-12-22 03:37:56,UTC-08:00,Tracked your calories?,true,
2025-12-21 00:40:24,2025-12-22 03:37:56,UTC-08:00,Ate food close to bedtime?,false,
2025-12-20 01:02:22,2025-12-21 00:40:24,UTC-08:00,Have any alcoholic drinks?,false,
2025-12-20 01:02:22,2025-12-21 00:40:24,UTC-08:00,Consumed caffeine?,true,
2025-12-20 01:02:22,2025-12-21 00:40:24,UTC-08:00,Tracked your calories?,true,
2025-12-20 01:02:22,2025-12-21 00:40:24,UTC-08:00,Ate food close to bedtime?,false,
2025-12-19 01:47:39,2025-12-20 01:02:22,UTC-08:00,Have any alcoholic drinks?,false,
2025-12-19 01:47:39,2025-12-20 01:02:22,UTC-08:00,Consumed caffeine?,true,
2025-12-19 01:47:39,2025-12-20 01:02:22,UTC-08:00,Tracked your calories?,true,
2025-12-19 01:47:39,2025-12-20 01:02:22,UTC-08:00,Ate food close to bedtime?,true,
2025-12-18 03:16:37,2025-12-19 04:47:39,UTC-05:00,Have any alcoholic drinks?,true,
2025-12-18 03:16:37,2025-12-19 04:47:39,UTC-05:00,Consumed caffeine?,true,
2025-12-18 03:16:37,2025-12-19 04:47:39,UTC-05:00,Tracked your calories?,true,
2025-12-18 03:16:37,2025-12-19 04:47:39,UTC-05:00,Ate food close to bedtime?,true,
2025-12-17 04:26:05,2025-12-18 03:16:37,UTC-05:00,Have any alcoholic drinks?,false,
2025-12-17 04:26:05,2025-12-18 03:16:37,UTC-05:00,Consumed caffeine?,true,
2025-12-17 04:26:05,2025-12-18 03:16:37,UTC-05:00,Tracked your calories?,true,
2025-12-17 04:26:05,2025-12-18 03:16:37,UTC-05:00,Ate food close to bedtime?,true,
2025-12-16 03:07:34,2025-12-17 04:26:05,UTC-05:00,Have any alcoholic drinks?,false,
2025-12-16 03:07:34,2025-12-17 04:26:05,UTC-05:00,Consumed caffeine?,true,
2025-12-16 03:07:34,2025-12-17 04:26:05,UTC-05:00,Tracked your calories?,true,
2025-12-16 03:07:34,2025-12-17 04:26:05,UTC-05:00,Ate food close to bedtime?,true,
2025-12-15 03:50:30,2025-12-16 03:07:34,UTC-05:00,Have any alcoholic drinks?,false,
2025-12-15 03:50:30,2025-12-16 03:07:34,UTC-05:00,Consumed caffeine?,true,
2025-12-15 03:50:30,2025-12-16 03:07:34,UTC-05:00,Tracked your calories?,true,
2025-12-15 03:50:30,2025-12-16 03:07:34,UTC-05:00,Ate food close to bedtime?,true,
2025-12-14 03:53:52,2025-12-15 03:50:30,UTC-05:00,Have any alcoholic drinks?,false,
2025-12-14 03:53:52,2025-12-15 03:50:30,UTC-05:00,Consumed caffeine?,true,
2025-12-14 03:53:52,2025-12-15 03:50:30,UTC-05:00,Tracked your calories?,true,
2025-12-14 03:53:52,2025-12-15 03:50:30,UTC-05:00,Ate food close to bedtime?,true,
2025-12-13 03:41:20,2025-12-14 03:53:52,UTC-05:00,Have any alcoholic drinks?,true,
2025-12-13 03:41:20,2025-12-14 03:53:52,UTC-05:00,Consumed caffeine?,true,
2025-12-13 03:41:20,2025-12-14 03:53:52,UTC-05:00,Tracked your calories?,true,
2025-12-13 03:41:20,2025-12-14 03:53:52,UTC-05:00,Ate food close to bedtime?,true,
2025-12-12 02:44:09,2025-12-13 03:41:20,UTC-05:00,Have any alcoholic drinks?,false,
2025-12-12 02:44:09,2025-12-13 03:41:20,UTC-05:00,Consumed caffeine?,true,
2025-12-12 02:44:09,2025-12-13 03:41:20,UTC-05:00,Tracked your calories?,true,
2025-12-12 02:44:09,2025-12-13 03:41:20,UTC-05:00,Ate food close to bedtime?,true,
2025-12-11 02:26:38,2025-12-12 02:44:09,UTC-05:00,Have any alcoholic drinks?,false,
2025-12-11 02:26:38,2025-12-12 02:44:09,UTC-05:00,Consumed caffeine?,true,
2025-12-11 02:26:38,2025-12-12 02:44:09,UTC-05:00,Tracked your calories?,true,
2025-12-11 02:26:38,2025-12-12 02:44:09,UTC-05:00,Ate food close to bedtime?,false,
2025-12-09 01:52:04,2025-12-10 01:40:06,UTC-05:00,Have any alcoholic drinks?,false,
2025-12-09 01:52:04,2025-12-10 01:40:06,UTC-05:00,Consumed caffeine?,true,
2025-12-09 01:52:04,2025-12-10 01:40:06,UTC-05:00,Tracked your calories?,true,
2025-12-09 01:52:04,2025-12-10 01:40:06,UTC-05:00,Ate food close to bedtime?,true,
2025-12-08 02:13:52,2025-12-09 01:52:04,UTC-05:00,Have any alcoholic drinks?,false,
2025-12-08 02:13:52,2025-12-09 01:52:04,UTC-05:00,Consumed caffeine?,true,
2025-12-08 02:13:52,2025-12-09 01:52:04,UTC-05:00,Tracked your calories?,true,
2025-12-08 02:13:52,2025-12-09 01:52:04,UTC-05:00,Ate food close to bedtime?,true,
2025-12-07 02:59:50,2025-12-08 02:13:52,UTC-05:00,Have any alcoholic drinks?,false,
2025-12-07 02:59:50,2025-12-08 02:13:52,UTC-05:00,Consumed caffeine?,true,
2025-12-07 02:59:50,2025-12-08 02:13:52,UTC-05:00,Tracked your calories?,true,
2025-12-07 02:59:50,2025-12-08 02:13:52,UTC-05:00,Ate food close to bedtime?,true,
2025-12-06 03:21:36,2025-12-07 02:59:50,UTC-05:00,Have any alcoholic drinks?,true,
2025-12-06 03:21:36,2025-12-07 02:59:50,UTC-05:00,Consumed caffeine?,true,
2025-12-06 03:21:36,2025-12-07 02:59:50,UTC-05:00,Tracked your calories?,true,
2025-12-06 03:21:36,2025-12-07 02:59:50,UTC-05:00,Ate food close to bedtime?,true,
2025-12-05 02:26:34,2025-12-06 03:21:36,UTC-05:00,Have any alcoholic drinks?,false,
2025-12-05 02:26:34,2025-12-06 03:21:36,UTC-05:00,Consumed caffeine?,true,
2025-12-05 02:26:34,2025-12-06 03:21:36,UTC-05:00,Tracked your calories?,true,
2025-12-05 02:26:34,2025-12-06 03:21:36,UTC-05:00,Ate food close to bedtime?,false,
2025-12-04 01:33:53,2025-12-05 02:26:34,UTC-05:00,Have any alcoholic drinks?,false,
2025-12-04 01:33:53,2025-12-05 02:26:34,UTC-05:00,Consumed caffeine?,true,
2025-12-04 01:33:53,2025-12-05 02:26:34,UTC-05:00,Tracked your calories?,true,
2025-12-04 01:33:53,2025-12-05 02:26:34,UTC-05:00,Ate food close to bedtime?,false,
2025-12-03 02:53:02,2025-12-04 01:33:53,UTC-05:00,Have any alcoholic drinks?,false,
2025-12-03 02:53:02,2025-12-04 01:33:53,UTC-05:00,Consumed caffeine?,true,
2025-12-03 02:53:02,2025-12-04 01:33:53,UTC-05:00,Tracked your calories?,true,
2025-12-03 02:53:02,2025-12-04 01:33:53,UTC-05:00,Ate food close to bedtime?,false,
2025-12-02 02:34:02,2025-12-03 02:53:02,UTC-05:00,Have any alcoholic drinks?,false,
2025-12-02 02:34:02,2025-12-03 02:53:02,UTC-05:00,Consumed caffeine?,true,
2025-12-02 02:34:02,2025-12-03 02:53:02,UTC-05:00,Tracked your calories?,false,
2025-12-02 02:34:02,2025-12-03 02:53:02,UTC-05:00,Ate food close to bedtime?,false,
2025-12-01 05:09:59,2025-12-02 02:34:02,UTC-05:00,Have any alcoholic drinks?,false,
2025-12-01 05:09:59,2025-12-02 02:34:02,UTC-05:00,Consumed caffeine?,true,
2025-12-01 05:09:59,2025-12-02 02:34:02,UTC-05:00,Tracked your calories?,false,
2025-12-01 05:09:59,2025-12-02 02:34:02,UTC-05:00,Ate food close to bedtime?,true,
2025-11-30 02:02:27,2025-12-01 05:09:59,UTC-05:00,Have any alcoholic drinks?,false,
2025-11-30 02:02:27,2025-12-01 05:09:59,UTC-05:00,Consumed caffeine?,true,
2025-11-30 02:02:27,2025-12-01 05:09:59,UTC-05:00,Tracked your calories?,false,
2025-11-30 02:02:27,2025-12-01 05:09:59,UTC-05:00,Ate food close to bedtime?,true,
2025-11-29 02:53:54,2025-11-30 02:02:27,UTC-05:00,Have any alcoholic drinks?,true,
2025-11-29 02:53:54,2025-11-30 02:02:27,UTC-05:00,Consumed caffeine?,true,
2025-11-29 02:53:54,2025-11-30 02:02:27,UTC-05:00,Tracked your calories?,false,
2025-11-29 02:53:54,2025-11-30 02:02:27,UTC-05:00,Ate food close to bedtime?,false,
2025-11-28 01:08:22,2025-11-29 02:53:54,UTC-05:00,Have any alcoholic drinks?,true,
2025-11-28 01:08:22,2025-11-29 02:53:54,UTC-05:00,Consumed caffeine?,false,
2025-11-28 01:08:22,2025-11-29 02:53:54,UTC-05:00,Tracked your calories?,false,
2025-11-28 01:08:22,2025-11-29 02:53:54,UTC-05:00,Ate food close to bedtime?,true,
2025-11-27 03:36:59,2025-11-28 01:08:22,UTC-05:00,Have any alcoholic drinks?,true,
2025-11-27 03:36:59,2025-11-28 01:08:22,UTC-05:00,Consumed caffeine?,false,
2025-11-27 03:36:59,2025-11-28 01:08:22,UTC-05:00,Tracked your calories?,true,
2025-11-27 03:36:59,2025-11-28 01:08:22,UTC-05:00,Ate food close to bedtime?,false,
2025-11-26 01:53:24,2025-11-27 03:36:59,UTC-05:00,Have any alcoholic drinks?,true,
2025-11-26 01:53:24,2025-11-27 03:36:59,UTC-05:00,Consumed caffeine?,true,
2025-11-26 01:53:24,2025-11-27 03:36:59,UTC-05:00,Tracked your calories?,true,
2025-11-26 01:53:24,2025-11-27 03:36:59,UTC-05:00,Ate food close to bedtime?,false,
2025-11-25 04:22:52,2025-11-26 01:53:24,UTC-05:00,Have any alcoholic drinks?,true,
2025-11-25 04:22:52,2025-11-26 01:53:24,UTC-05:00,Consumed caffeine?,true,
2025-11-25 04:22:52,2025-11-26 01:53:24,UTC-05:00,Tracked your calories?,true,
2025-11-25 04:22:52,2025-11-26 01:53:24,UTC-05:00,Ate food close to bedtime?,true,
2025-11-24 02:08:16,2025-11-25 04:22:52,UTC-05:00,Have any alcoholic drinks?,true,
2025-11-24 02:08:16,2025-11-25 04:22:52,UTC-05:00,Consumed caffeine?,true,
2025-11-24 02:08:16,2025-11-25 04:22:52,UTC-05:00,Tracked your calories?,true,
2025-11-24 02:08:16,2025-11-25 04:22:52,UTC-05:00,Ate food close to bedtime?,true,
2025-11-23 03:20:04,2025-11-24 02:08:16,UTC-05:00,Have any alcoholic drinks?,true,
2025-11-23 03:20:04,2025-11-24 02:08:16,UTC-05:00,Consumed caffeine?,true,
2025-11-23 03:20:04,2025-11-24 02:08:16,UTC-05:00,Tracked your calories?,true,
2025-11-23 03:20:04,2025-11-24 02:08:16,UTC-05:00,Ate food close to bedtime?,true,
2025-11-22 02:01:01,2025-11-23 03:20:04,UTC-05:00,Have any alcoholic drinks?,true,
2025-11-22 02:01:01,2025-11-23 03:20:04,UTC-05:00,Consumed caffeine?,true,
2025-11-22 02:01:01,2025-11-23 03:20:04,UTC-05:00,Tracked your calories?,true,
2025-11-22 02:01:01,2025-11-23 03:20:04,UTC-05:00,Ate food close to bedtime?,false,
2025-11-21 03:14:29,2025-11-22 02:01:01,UTC-05:00,Have any alcoholic drinks?,false,
2025-11-21 03:14:29,2025-11-22 02:01:01,UTC-05:00,Consumed caffeine?,true,
2025-11-21 03:14:29,2025-11-22 02:01:01,UTC-05:00,Tracked your calories?,true,
2025-11-21 03:14:29,2025-11-22 02:01:01,UTC-05:00,Ate food close to bedtime?,true,
2025-11-20 01:27:25,2025-11-21 03:14:29,UTC-05:00,Have any alcoholic drinks?,false,
2025-11-20 01:27:25,2025-11-21 03:14:29,UTC-05:00,Consumed caffeine?,true,
2025-11-20 01:27:25,2025-11-21 03:14:29,UTC-05:00,Tracked your calories?,true,
2025-11-20 01:27:25,2025-11-21 03:14:29,UTC-05:00,Ate food close to bedtime?,false,
2025-11-19 01:47:06,2025-11-20 01:27:25,UTC-05:00,Have any alcoholic drinks?,false,
2025-11-19 01:47:06,2025-11-20 01:27:25,UTC-05:00,Consumed caffeine?,true,
2025-11-19 01:47:06,2025-11-20 01:27:25,UTC-05:00,Tracked your calories?,true,
2025-11-19 01:47:06,2025-11-20 01:27:25,UTC-05:00,Ate food close to bedtime?,true,
2025-11-18 03:10:31,2025-11-19 01:47:06,UTC-05:00,Have any alcoholic drinks?,true,
2025-11-18 03:10:31,2025-11-19 01:47:06,UTC-05:00,Consumed caffeine?,true,
2025-11-18 03:10:31,2025-11-19 01:47:06,UTC-05:00,Tracked your calories?,true,
2025-11-18 03:10:31,2025-11-19 01:47:06,UTC-05:00,Ate food close to bedtime?,true,
2025-11-17 01:39:26,2025-11-18 03:10:31,UTC-05:00,Have any alcoholic drinks?,false,
2025-11-17 01:39:26,2025-11-18 03:10:31,UTC-05:00,Consumed caffeine?,true,
2025-11-17 01:39:26,2025-11-18 03:10:31,UTC-05:00,Tracked your calories?,true,
2025-11-17 01:39:26,2025-11-18 03:10:31,UTC-05:00,Ate food close to bedtime?,true,
2025-11-16 04:24:54,2025-11-17 01:39:26,UTC-05:00,Have any alcoholic drinks?,false,
2025-11-16 04:24:54,2025-11-17 01:39:26,UTC-05:00,Consumed caffeine?,true,
2025-11-16 04:24:54,2025-11-17 01:39:26,UTC-05:00,Tracked your calories?,true,
2025-11-16 04:24:54,2025-11-17 01:39:26,UTC-05:00,Ate food close to bedtime?,true,
2025-11-15 01:58:52,2025-11-16 04:24:54,UTC-05:00,Have any alcoholic drinks?,false,
2025-11-15 01:58:52,2025-11-16 04:24:54,UTC-05:00,Consumed caffeine?,true,
2025-11-15 01:58:52,2025-11-16 04:24:54,UTC-05:00,Tracked your calories?,true,
2025-11-15 01:58:52,2025-11-16 04:24:54,UTC-05:00,Ate food close to bedtime?,true,
2025-11-14 02:52:19,2025-11-15 01:58:52,UTC-05:00,Have any alcoholic drinks?,false,
2025-11-14 02:52:19,2025-11-15 01:58:52,UTC-05:00,Consumed caffeine?,true,
2025-11-14 02:52:19,2025-11-15 01:58:52,UTC-05:00,Tracked your calories?,true,
2025-11-14 02:52:19,2025-11-15 01:58:52,UTC-05:00,Ate food close to bedtime?,true,
2025-11-13 02:16:43,2025-11-14 02:52:19,UTC-05:00,Have any alcoholic drinks?,false,
2025-11-13 02:16:43,2025-11-14 02:52:19,UTC-05:00,Consumed caffeine?,true,
2025-11-13 02:16:43,2025-11-14 02:52:19,UTC-05:00,Tracked your calories?,true,
2025-11-13 02:16:43,2025-11-14 02:52:19,UTC-05:00,Ate food close to bedtime?,false,
2025-11-12 02:31:08,2025-11-13 02:16:43,UTC-05:00,Have any alcoholic drinks?,false,
2025-11-12 02:31:08,2025-11-13 02:16:43,UTC-05:00,Consumed caffeine?,true,
2025-11-12 02:31:08,2025-11-13 02:16:43,UTC-05:00,Tracked your calories?,true,
2025-11-12 02:31:08,2025-11-13 02:16:43,UTC-05:00,Ate food close to bedtime?,false,
2025-11-11 03:04:08,2025-11-12 02:31:08,UTC-05:00,Have any alcoholic drinks?,false,
2025-11-11 03:04:08,2025-11-12 02:31:08,UTC-05:00,Consumed caffeine?,false,
2025-11-11 03:04:08,2025-11-12 02:31:08,UTC-05:00,Tracked your calories?,false,
2025-11-11 03:04:08,2025-11-12 02:31:08,UTC-05:00,Ate food close to bedtime?,false,
2025-11-10 02:38:11,2025-11-11 02:04:08,UTC-06:00,Have any alcoholic drinks?,false,
2025-11-10 02:38:11,2025-11-11 02:04:08,UTC-06:00,Consumed caffeine?,true,
2025-11-10 02:38:11,2025-11-11 02:04:08,UTC-06:00,Tracked your calories?,true,
2025-11-10 02:38:11,2025-11-11 02:04:08,UTC-06:00,Ate food close to bedtime?,false,
2025-11-09 03:09:07,2025-11-10 02:38:11,UTC-06:00,Have any alcoholic drinks?,true,
2025-11-09 03:09:07,2025-11-10 02:38:11,UTC-06:00,Consumed caffeine?,false,
2025-11-09 03:09:07,2025-11-10 02:38:11,UTC-06:00,Tracked your calories?,false,
2025-11-09 03:09:07,2025-11-10 02:38:11,UTC-06:00,Ate food close to bedtime?,false,
2025-11-08 02:02:14,2025-11-09 03:09:07,UTC-06:00,Have any alcoholic drinks?,true,
2025-11-08 02:02:14,2025-11-09 03:09:07,UTC-06:00,Consumed caffeine?,true,
2025-11-08 02:02:14,2025-11-09 03:09:07,UTC-06:00,Tracked your calories?,true,
2025-11-08 02:02:14,2025-11-09 03:09:07,UTC-06:00,Ate food close to bedtime?,false,
2025-11-07 03:49:06,2025-11-08 02:02:14,UTC-06:00,Have any alcoholic drinks?,false,
2025-11-07 03:49:06,2025-11-08 02:02:14,UTC-06:00,Consumed caffeine?,false,
2025-11-07 03:49:06,2025-11-08 02:02:14,UTC-06:00,Tracked your calories?,true,
2025-11-07 03:49:06,2025-11-08 02:02:14,UTC-06:00,Ate food close to bedtime?,false,
2025-11-06 03:00:19,2025-11-07 04:49:06,UTC-05:00,Have any alcoholic drinks?,true,
2025-11-06 03:00:19,2025-11-07 04:49:06,UTC-05:00,Consumed caffeine?,true,
2025-11-06 03:00:19,2025-11-07 04:49:06,UTC-05:00,Tracked your calories?,true,
2025-11-06 03:00:19,2025-11-07 04:49:06,UTC-05:00,Ate food close to bedtime?,false,
2025-11-05 02:26:43,2025-11-06 03:00:19,UTC-05:00,Have any alcoholic drinks?,false,
2025-11-05 02:26:43,2025-11-06 03:00:19,UTC-05:00,Consumed caffeine?,true,
2025-11-05 02:26:43,2025-11-06 03:00:19,UTC-05:00,Tracked your calories?,true,
2025-11-05 02:26:43,2025-11-06 03:00:19,UTC-05:00,Ate food close to bedtime?,false,
2025-11-04 02:55:17,2025-11-05 02:26:43,UTC-05:00,Have any alcoholic drinks?,false,
2025-11-04 02:55:17,2025-11-05 02:26:43,UTC-05:00,Consumed caffeine?,true,
2025-11-04 02:55:17,2025-11-05 02:26:43,UTC-05:00,Tracked your calories?,true,
2025-11-04 02:55:17,2025-11-05 02:26:43,UTC-05:00,Ate food close to bedtime?,false,
2025-11-03 01:57:20,2025-11-04 02:55:17,UTC-05:00,Have any alcoholic drinks?,false,
2025-11-03 01:57:20,2025-11-04 02:55:17,UTC-05:00,Consumed caffeine?,true,
2025-11-03 01:57:20,2025-11-04 02:55:17,UTC-05:00,Tracked your calories?,true,
2025-11-03 01:57:20,2025-11-04 02:55:17,UTC-05:00,Ate food close to bedtime?,false,
2025-11-02 00:25:58,2025-11-03 01:57:20,UTC-05:00,Have any alcoholic drinks?,true,
2025-11-02 00:25:58,2025-11-03 01:57:20,UTC-05:00,Consumed caffeine?,true,
2025-11-02 00:25:58,2025-11-03 01:57:20,UTC-05:00,Tracked your calories?,true,
2025-11-02 00:25:58,2025-11-03 01:57:20,UTC-05:00,Ate food close to bedtime?,false,
2025-11-01 03:39:58,2025-11-02 01:25:58,UTC-04:00,Have any alcoholic drinks?,true,
2025-11-01 03:39:58,2025-11-02 01:25:58,UTC-04:00,Consumed caffeine?,true,
2025-11-01 03:39:58,2025-11-02 01:25:58,UTC-04:00,Tracked your calories?,true,
2025-11-01 03:39:58,2025-11-02 01:25:58,UTC-04:00,Ate food close to bedtime?,false,
2025-10-31 03:39:55,2025-11-01 03:39:58,UTC-04:00,Have any alcoholic drinks?,true,
2025-10-31 03:39:55,2025-11-01 03:39:58,UTC-04:00,Consumed caffeine?,true,
2025-10-31 03:39:55,2025-11-01 03:39:58,UTC-04:00,Tracked your calories?,true,
2025-10-31 03:39:55,2025-11-01 03:39:58,UTC-04:00,Ate food close to bedtime?,true,
2025-10-30 02:25:24,2025-10-31 03:39:55,UTC-04:00,Have any alcoholic drinks?,true,
2025-10-30 02:25:24,2025-10-31 03:39:55,UTC-04:00,Consumed caffeine?,true,
2025-10-30 02:25:24,2025-10-31 03:39:55,UTC-04:00,Tracked your calories?,true,
2025-10-30 02:25:24,2025-10-31 03:39:55,UTC-04:00,Ate food close to bedtime?,false,
2025-10-29 02:05:19,2025-10-30 02:25:24,UTC-04:00,Have any alcoholic drinks?,false,
2025-10-29 02:05:19,2025-10-30 02:25:24,UTC-04:00,Consumed caffeine?,true,
2025-10-29 02:05:19,2025-10-30 02:25:24,UTC-04:00,Tracked your calories?,true,
2025-10-29 02:05:19,2025-10-30 02:25:24,UTC-04:00,Ate food close to bedtime?,true,
2025-10-28 02:25:15,2025-10-29 02:05:19,UTC-04:00,Have any alcoholic drinks?,false,
2025-10-28 02:25:15,2025-10-29 02:05:19,UTC-04:00,Consumed caffeine?,true,
2025-10-28 02:25:15,2025-10-29 02:05:19,UTC-04:00,Tracked your calories?,true,
2025-10-28 02:25:15,2025-10-29 02:05:19,UTC-04:00,Ate food close to bedtime?,false,
2025-10-27 01:31:10,2025-10-28 02:25:15,UTC-04:00,Have any alcoholic drinks?,false,
2025-10-27 01:31:10,2025-10-28 02:25:15,UTC-04:00,Consumed caffeine?,true,
2025-10-27 01:31:10,2025-10-28 02:25:15,UTC-04:00,Tracked your calories?,true,
2025-10-27 01:31:10,2025-10-28 02:25:15,UTC-04:00,Ate food close to bedtime?,false,
2025-10-26 02:25:35,2025-10-27 01:31:10,UTC-04:00,Have any alcoholic drinks?,false,
2025-10-26 02:25:35,2025-10-27 01:31:10,UTC-04:00,Consumed caffeine?,true,
2025-10-26 02:25:35,2025-10-27 01:31:10,UTC-04:00,Tracked your calories?,true,
2025-10-26 02:25:35,2025-10-27 01:31:10,UTC-04:00,Ate food close to bedtime?,false,
2025-10-25 04:36:04,2025-10-26 02:25:35,UTC-04:00,Have any alcoholic drinks?,false,
2025-10-25 04:36:04,2025-10-26 02:25:35,UTC-04:00,Consumed caffeine?,true,
2025-10-25 04:36:04,2025-10-26 02:25:35,UTC-04:00,Tracked your calories?,true,
2025-10-25 04:36:04,2025-10-26 02:25:35,UTC-04:00,Ate food close to bedtime?,true,
2025-10-24 01:10:07,2025-10-25 04:36:04,UTC-04:00,Have any alcoholic drinks?,true,
2025-10-24 01:10:07,2025-10-25 04:36:04,UTC-04:00,Consumed caffeine?,false,
2025-10-24 01:10:07,2025-10-25 04:36:04,UTC-04:00,Tracked your calories?,true,
2025-10-24 01:10:07,2025-10-25 04:36:04,UTC-04:00,Ate food close to bedtime?,true,
2025-10-23 02:52:36,2025-10-24 01:10:07,UTC-04:00,Have any alcoholic drinks?,true,
2025-10-23 02:52:36,2025-10-24 01:10:07,UTC-04:00,Consumed caffeine?,true,
2025-10-23 02:52:36,2025-10-24 01:10:07,UTC-04:00,Tracked your calories?,true,
2025-10-23 02:52:36,2025-10-24 01:10:07,UTC-04:00,Ate food close to bedtime?,false,
2025-10-22 02:10:04,2025-10-23 02:52:36,UTC-04:00,Have any alcoholic drinks?,true,
2025-10-22 02:10:04,2025-10-23 02:52:36,UTC-04:00,Consumed caffeine?,true,
2025-10-22 02:10:04,2025-10-23 02:52:36,UTC-04:00,Tracked your calories?,true,
2025-10-22 02:10:04,2025-10-23 02:52:36,UTC-04:00,Ate food close to bedtime?,false,
2025-10-21 01:59:24,2025-10-22 02:10:04,UTC-04:00,Have any alcoholic drinks?,false,
2025-10-21 01:59:24,2025-10-22 02:10:04,UTC-04:00,Consumed caffeine?,true,
2025-10-21 01:59:24,2025-10-22 02:10:04,UTC-04:00,Tracked your calories?,true,
2025-10-21 01:59:24,2025-10-22 02:10:04,UTC-04:00,Ate food close to bedtime?,false,
2025-10-20 02:06:50,2025-10-21 01:59:24,UTC-04:00,Have any alcoholic drinks?,false,
2025-10-20 02:06:50,2025-10-21 01:59:24,UTC-04:00,Consumed caffeine?,true,
2025-10-20 02:06:50,2025-10-21 01:59:24,UTC-04:00,Tracked your calories?,true,
2025-10-20 02:06:50,2025-10-21 01:59:24,UTC-04:00,Ate food close to bedtime?,true,
2025-10-19 02:21:47,2025-10-20 02:06:50,UTC-04:00,Have any alcoholic drinks?,true,
2025-10-19 02:21:47,2025-10-20 02:06:50,UTC-04:00,Consumed caffeine?,true,
2025-10-19 02:21:47,2025-10-20 02:06:50,UTC-04:00,Tracked your calories?,true,
2025-10-19 02:21:47,2025-10-20 02:06:50,UTC-04:00,Ate food close to bedtime?,true,
2025-10-18 01:18:10,2025-10-19 02:21:47,UTC-04:00,Have any alcoholic drinks?,false,
2025-10-18 01:18:10,2025-10-19 02:21:47,UTC-04:00,Consumed caffeine?,true,
2025-10-18 01:18:10,2025-10-19 02:21:47,UTC-04:00,Tracked your calories?,true,
2025-10-18 01:18:10,2025-10-19 02:21:47,UTC-04:00,Ate food close to bedtime?,true,
2025-10-17 03:24:10,2025-10-18 01:18:10,UTC-04:00,Have any alcoholic drinks?,false,
2025-10-17 03:24:10,2025-10-18 01:18:10,UTC-04:00,Consumed caffeine?,true,
2025-10-17 03:24:10,2025-10-18 01:18:10,UTC-04:00,Tracked your calories?,true,
2025-10-17 03:24:10,2025-10-18 01:18:10,UTC-04:00,Ate food close to bedtime?,false,
2025-10-16 02:35:06,2025-10-17 03:24:10,UTC-04:00,Have any alcoholic drinks?,false,
2025-10-16 02:35:06,2025-10-17 03:24:10,UTC-04:00,Consumed caffeine?,true,
2025-10-16 02:35:06,2025-10-17 03:24:10,UTC-04:00,Tracked your calories?,true,
2025-10-16 02:35:06,2025-10-17 03:24:10,UTC-04:00,Ate food close to bedtime?,false,
2025-10-15 01:04:35,2025-10-16 02:35:06,UTC-04:00,Have any alcoholic drinks?,false,
2025-10-15 01:04:35,2025-10-16 02:35:06,UTC-04:00,Consumed caffeine?,true,
2025-10-15 01:04:35,2025-10-16 02:35:06,UTC-04:00,Tracked your calories?,true,
2025-10-15 01:04:35,2025-10-16 02:35:06,UTC-04:00,Ate food close to bedtime?,false,
2025-10-14 03:45:47,2025-10-15 01:04:35,UTC-04:00,Have any alcoholic drinks?,false,
2025-10-14 03:45:47,2025-10-15 01:04:35,UTC-04:00,Consumed caffeine?,true,
2025-10-14 03:45:47,2025-10-15 01:04:35,UTC-04:00,Tracked your calories?,true,
2025-10-14 03:45:47,2025-10-15 01:04:35,UTC-04:00,Ate food close to bedtime?,false,
2025-10-13 02:27:01,2025-10-14 03:45:47,UTC-04:00,Have any alcoholic drinks?,true,
2025-10-13 02:27:01,2025-10-14 03:45:47,UTC-04:00,Consumed caffeine?,true,
2025-10-13 02:27:01,2025-10-14 03:45:47,UTC-04:00,Tracked your calories?,true,
2025-10-13 02:27:01,2025-10-14 03:45:47,UTC-04:00,Ate food close to bedtime?,true,
2025-10-12 03:06:58,2025-10-13 02:27:01,UTC-04:00,Have any alcoholic drinks?,false,
2025-10-12 03:06:58,2025-10-13 02:27:01,UTC-04:00,Consumed caffeine?,true,
2025-10-12 03:06:58,2025-10-13 02:27:01,UTC-04:00,Tracked your calories?,true,
2025-10-12 03:06:58,2025-10-13 02:27:01,UTC-04:00,Ate food close to bedtime?,true,
2025-10-11 06:18:28,2025-10-12 03:06:58,UTC-04:00,Have any alcoholic drinks?,true,
2025-10-11 06:18:28,2025-10-12 03:06:58,UTC-04:00,Consumed caffeine?,true,
2025-10-11 06:18:28,2025-10-12 03:06:58,UTC-04:00,Tracked your calories?,true,
2025-10-11 06:18:28,2025-10-12 03:06:58,UTC-04:00,Ate food close to bedtime?,false,
2025-10-10 03:37:35,2025-10-11 06:18:28,UTC-04:00,Have any alcoholic drinks?,false,
2025-10-10 03:37:35,2025-10-11 06:18:28,UTC-04:00,Consumed caffeine?,true,
2025-10-10 03:37:35,2025-10-11 06:18:28,UTC-04:00,Tracked your calories?,true,
2025-10-10 03:37:35,2025-10-11 06:18:28,UTC-04:00,Ate food close to bedtime?,true,
2025-10-09 01:49:34,2025-10-10 03:37:35,UTC-04:00,Have any alcoholic drinks?,false,
2025-10-09 01:49:34,2025-10-10 03:37:35,UTC-04:00,Consumed caffeine?,true,
2025-10-09 01:49:34,2025-10-10 03:37:35,UTC-04:00,Tracked your calories?,true,
2025-10-09 01:49:34,2025-10-10 03:37:35,UTC-04:00,Ate food close to bedtime?,false,
2025-10-08 03:42:47,2025-10-09 01:49:34,UTC-04:00,Have any alcoholic drinks?,false,
2025-10-08 03:42:47,2025-10-09 01:49:34,UTC-04:00,Consumed caffeine?,true,
2025-10-08 03:42:47,2025-10-09 01:49:34,UTC-04:00,Tracked your calories?,true,
2025-10-08 03:42:47,2025-10-09 01:49:34,UTC-04:00,Ate food close to bedtime?,true,
2025-10-07 02:38:24,2025-10-08 03:42:47,UTC-04:00,Have any alcoholic drinks?,false,
2025-10-07 02:38:24,2025-10-08 03:42:47,UTC-04:00,Consumed caffeine?,true,
2025-10-07 02:38:24,2025-10-08 03:42:47,UTC-04:00,Tracked your calories?,true,
2025-10-07 02:38:24,2025-10-08 03:42:47,UTC-04:00,Ate food close to bedtime?,false,
2025-10-06 01:13:21,2025-10-07 02:38:24,UTC-04:00,Have any alcoholic drinks?,false,
2025-10-06 01:13:21,2025-10-07 02:38:24,UTC-04:00,Consumed caffeine?,true,
2025-10-06 01:13:21,2025-10-07 02:38:24,UTC-04:00,Tracked your calories?,true,
2025-10-06 01:13:21,2025-10-07 02:38:24,UTC-04:00,Ate food close to bedtime?,false,
2025-10-05 01:55:52,2025-10-06 01:13:21,UTC-04:00,Have any alcoholic drinks?,false,
2025-10-05 01:55:52,2025-10-06 01:13:21,UTC-04:00,Consumed caffeine?,true,
2025-10-05 01:55:52,2025-10-06 01:13:21,UTC-04:00,Tracked your calories?,true,
2025-10-05 01:55:52,2025-10-06 01:13:21,UTC-04:00,Ate food close to bedtime?,false,
2025-10-04 02:28:51,2025-10-05 01:55:52,UTC-04:00,Have any alcoholic drinks?,false,
2025-10-04 02:28:51,2025-10-05 01:55:52,UTC-04:00,Consumed caffeine?,true,
2025-10-04 02:28:51,2025-10-05 01:55:52,UTC-04:00,Ate food close to bedtime?,true,
2025-10-04 02:28:51,2025-10-05 01:55:52,UTC-04:00,Read (non-screened device) while in bed?,false,
2025-10-03 03:23:49,2025-10-04 02:28:51,UTC-04:00,Have any alcoholic drinks?,false,
2025-10-03 03:23:49,2025-10-04 02:28:51,UTC-04:00,Consumed caffeine?,true,
2025-10-03 03:23:49,2025-10-04 02:28:51,UTC-04:00,Ate food close to bedtime?,true,
2025-10-03 03:23:49,2025-10-04 02:28:51,UTC-04:00,Read (non-screened device) while in bed?,false,
2025-10-02 01:19:46,2025-10-03 03:23:49,UTC-04:00,Have any alcoholic drinks?,false,
2025-10-02 01:19:46,2025-10-03 03:23:49,UTC-04:00,Consumed caffeine?,true,
2025-10-02 01:19:46,2025-10-03 03:23:49,UTC-04:00,Ate food close to bedtime?,false,
2025-10-02 01:19:46,2025-10-03 03:23:49,UTC-04:00,Read (non-screened device) while in bed?,true,
2025-10-01 02:58:44,2025-10-02 01:19:46,UTC-04:00,Have any alcoholic drinks?,true,
2025-10-01 02:58:44,2025-10-02 01:19:46,UTC-04:00,Consumed caffeine?,true,
2025-10-01 02:58:44,2025-10-02 01:19:46,UTC-04:00,Ate food close to bedtime?,true,
2025-10-01 02:58:44,2025-10-02 01:19:46,UTC-04:00,Read (non-screened device) while in bed?,false,
2025-09-30 02:00:42,2025-10-01 02:58:44,UTC-04:00,Have any alcoholic drinks?,false,
2025-09-30 02:00:42,2025-10-01 02:58:44,UTC-04:00,Consumed caffeine?,true,
2025-09-30 02:00:42,2025-10-01 02:58:44,UTC-04:00,Ate food close to bedtime?,false,
2025-09-30 02:00:42,2025-10-01 02:58:44,UTC-04:00,Read (non-screened device) while in bed?,true,
2025-09-29 03:52:47,2025-09-30 02:00:42,UTC-04:00,Have any alcoholic drinks?,false,
2025-09-29 03:52:47,2025-09-30 02:00:42,UTC-04:00,Consumed caffeine?,true,
2025-09-29 03:52:47,2025-09-30 02:00:42,UTC-04:00,Ate food close to bedtime?,false,
2025-09-29 03:52:47,2025-09-30 02:00:42,UTC-04:00,Read (non-screened device) while in bed?,false,
2025-09-28 03:19:17,2025-09-29 03:52:47,UTC-04:00,Have any alcoholic drinks?,false,
2025-09-28 03:19:17,2025-09-29 03:52:47,UTC-04:00,Consumed caffeine?,true,
2025-09-28 03:19:17,2025-09-29 03:52:47,UTC-04:00,Ate food close to bedtime?,false,
2025-09-28 03:19:17,2025-09-29 03:52:47,UTC-04:00,Read (non-screened device) while in bed?,false,
2025-09-27 02:22:39,2025-09-28 03:19:17,UTC-04:00,Have any alcoholic drinks?,false,
2025-09-27 02:22:39,2025-09-28 03:19:17,UTC-04:00,Consumed caffeine?,true,
2025-09-27 02:22:39,2025-09-28 03:19:17,UTC-04:00,Ate food close to bedtime?,true,
2025-09-27 02:22:39,2025-09-28 03:19:17,UTC-04:00,Read (non-screened device) while in bed?,false,
2025-09-26 02:00:55,2025-09-27 02:22:39,UTC-04:00,Have any alcoholic drinks?,false,
2025-09-26 02:00:55,2025-09-27 02:22:39,UTC-04:00,Consumed caffeine?,true,
2025-09-26 02:00:55,2025-09-27 02:22:39,UTC-04:00,Ate food close to bedtime?,true,
2025-09-26 02:00:55,2025-09-27 02:22:39,UTC-04:00,Read (non-screened device) while in bed?,false,
2025-09-25 02:58:15,2025-09-26 02:00:55,UTC-04:00,Have any alcoholic drinks?,false,
2025-09-25 02:58:15,2025-09-26 02:00:55,UTC-04:00,Consumed caffeine?,true,
2025-09-25 02:58:15,2025-09-26 02:00:55,UTC-04:00,Ate food close to bedtime?,true,
2025-09-25 02:58:15,2025-09-26 02:00:55,UTC-04:00,Read (non-screened device) while in bed?,false,
2025-09-23 21:33:13,2025-09-25 02:58:15,UTC-04:00,Have any alcoholic drinks?,false,
2025-09-23 21:33:13,2025-09-25 02:58:15,UTC-04:00,Consumed caffeine?,true,
2025-09-23 21:33:13,2025-09-25 02:58:15,UTC-04:00,Ate food close to bedtime?,false,
2025-09-23 21:33:13,2025-09-25 02:58:15,UTC-04:00,Read (non-screened device) while in bed?,false,
2025-09-23 04:04:42,2025-09-23 21:33:13,UTC-04:00,Have any alcoholic drinks?,false,
2025-09-23 04:04:42,2025-09-23 21:33:13,UTC-04:00,Consumed caffeine?,true,
2025-09-23 04:04:42,2025-09-23 21:33:13,UTC-04:00,Ate food close to bedtime?,true,
2025-09-23 04:04:42,2025-09-23 21:33:13,UTC-04:00,Read (non-screened device) while in bed?,false,
2025-09-22 02:44:27,2025-09-23 04:04:42,UTC-04:00,Have any alcoholic drinks?,false,
2025-09-22 02:44:27,2025-09-23 04:04:42,UTC-04:00,Consumed caffeine?,true,
2025-09-22 02:44:27,2025-09-23 04:04:42,UTC-04:00,Ate food close to bedtime?,false,
2025-09-22 02:44:27,2025-09-23 04:04:42,UTC-04:00,Read (non-screened device) while in bed?,false,
2025-09-21 04:22:50,2025-09-22 02:44:27,UTC-04:00,Have any alcoholic drinks?,true,
2025-09-21 04:22:50,2025-09-22 02:44:27,UTC-04:00,Consumed caffeine?,true,
2025-09-21 04:22:50,2025-09-22 02:44:27,UTC-04:00,Ate food close to bedtime?,true,
2025-09-21 04:22:50,2025-09-22 02:44:27,UTC-04:00,Read (non-screened device) while in bed?,false,
2025-09-20 04:44:18,2025-09-21 04:22:50,UTC-04:00,Have any alcoholic drinks?,true,
2025-09-20 04:44:18,2025-09-21 04:22:50,UTC-04:00,Consumed caffeine?,true,
2025-09-20 04:44:18,2025-09-21 04:22:50,UTC-04:00,Ate food close to bedtime?,true,
2025-09-20 04:44:18,2025-09-21 04:22:50,UTC-04:00,Read (non-screened device) while in bed?,false,
2025-09-19 03:24:28,2025-09-20 04:44:18,UTC-04:00,Have any alcoholic drinks?,true,
2025-09-19 03:24:28,2025-09-20 04:44:18,UTC-04:00,Consumed caffeine?,true,
2025-09-19 03:24:28,2025-09-20 04:44:18,UTC-04:00,Ate food close to bedtime?,false,
2025-09-19 03:24:28,2025-09-20 04:44:18,UTC-04:00,Read (non-screened device) while in bed?,false,
2025-09-18 02:04:23,2025-09-19 03:24:28,UTC-04:00,Have any alcoholic drinks?,true,
2025-09-18 02:04:23,2025-09-19 03:24:28,UTC-04:00,Consumed caffeine?,false,
2025-09-18 02:04:23,2025-09-19 03:24:28,UTC-04:00,Ate food close to bedtime?,true,
2025-09-18 02:04:23,2025-09-19 03:24:28,UTC-04:00,Read (non-screened device) while in bed?,false,
