Cycle start time,Cycle end time,Cycle timezone,Recovery score %,Resting heart rate (bpm),Heart rate variability (ms),Skin temp (celsius),Blood oxygen %,Day Strain,Energy burned (cal),Max HR (bpm),Average HR (bpm),Sleep onset,Wake onset,Sleep performance %,Respiratory rate (rpm),Asleep duration (min),In bed duration (min),Light sleep duration (min),Deep (SWS) duration (min),REM duration (min),Awake duration (min),Sleep need (min),Sleep debt (min),Sleep efficiency %,Sleep consistency %
2026-05-12 02:20:03,,UTC-04:00,76,54,105,34.28,95.40,,,,,2026-05-12 02:20:03,2026-05-12 09:14:54,81,17.5,403,414,133,131,139,11,613,127,97,83
2026-05-11 02:48:33,2026-05-12 02:20:03,UTC-04:00,59,55,95,34.28,95.67,10.0,2388,143,73,2026-05-11 02:48:33,2026-05-11 08:57:56,72,17.6,343,369,204,71,68,26,596,119,93,75
2026-05-10 02:10:59,2026-05-11 02:48:33,UTC-04:00,75,58,104,34.72,95.03,4.6,2145,142,65,2026-05-10 02:10:59,2026-05-10 10:00:20,81,17.2,451,469,171,137,143,18,637,127,96,74
2026-05-09 04:19:56,2026-05-10 02:10:59,UTC-04:00,11,78,25,35.01,94.38,14.8,2868,176,85,2026-05-09 04:19:56,2026-05-09 10:51:03,37,18.1,362,391,119,135,108,29,641,127,92,58
2026-05-08 01:36:56,2026-05-09 04:19:56,UTC-04:00,80,58,115,34.62,95.56,15.4,3465,159,81,2026-05-08 01:36:56,2026-05-08 09:35:14,64,17.5,377,478,164,54,159,101,615,127,78,67
2026-05-07 03:58:47,2026-05-08 01:36:56,UTC-04:00,72,55,97,34.50,95.67,10.5,2278,152,74,2026-05-07 03:58:47,2026-05-07 09:55:42,72,17.1,342,356,113,94,135,14,541,54,96,55
2026-05-05 23:45:42,2026-05-07 03:58:47,UTC-04:00,83,57,102,35.03,95.24,10.2,2848,143,70,2026-05-05 23:45:42,2026-05-06 09:23:45,76,17.1,537,578,247,124,166,41,622,127,92,38
2026-05-05 02:24:11,2026-05-05 23:45:42,UTC-04:00,24,56,77,34.67,95.29,12.1,2414,145,79,2026-05-05 02:24:11,2026-05-05 06:21:41,40,17.7,229,237,100,91,38,8,609,127,96,68
2026-05-04 03:13:39,2026-05-05 02:24:11,UTC-04:00,76,58,103,34.77,98.33,8.6,2241,135,71,2026-05-04 03:13:39,2026-05-04 10:45:25,76,16.5,407,451,184,112,111,44,605,127,90,61
2026-05-03 05:57:45,2026-05-04 03:13:39,UTC-04:00,20,75,45,35.06,94.64,5.2,1868,127,72,2026-05-03 05:57:45,2026-05-03 12:40:34,28,18.0,328,402,136,81,111,74,635,127,81,39
2026-05-02 02:41:43,2026-05-03 05:57:45,UTC-04:00,46,65,72,34.76,95.43,14.5,3359,169,84,2026-05-02 02:41:43,2026-05-02 09:56:24,79,17.9,406,434,211,90,105,28,609,87,93,78
2026-05-01 01:37:49,2026-05-02 02:41:43,UTC-04:00,74,53,95,34.58,94.10,16.6,3498,164,79,2026-05-01 01:37:49,2026-05-01 10:06:16,80,16.6,473,508,215,96,162,35,610,127,93,66
2026-04-30 03:53:45,2026-05-01 01:37:49,UTC-04:00,65,51,104,35.22,94.08,8.4,2122,137,69,2026-04-30 03:53:45,2026-04-30 09:12:20,62,16.8,288,318,126,110,52,30,553,50,90,67
2026-04-29 02:26:40,2026-04-30 03:53:45,UTC-04:00,92,57,110,34.69,94.56,13.7,2602,175,70,2026-04-29 02:26:40,2026-04-29 10:36:08,81,16.8,460,489,243,90,127,29,539,127,94,64
2026-04-28 04:40:36,2026-04-29 02:26:40,UTC-04:00,3,78,58,34.06,98.00,12.8,2536,159,82,2026-04-28 20:10:00,2026-04-28 21:49:00,16,18.9,86,99,39,41,6,13,623,127,92,
2026-04-27 02:14:32,2026-04-28 04:40:36,UTC-04:00,87,61,99,34.42,94.57,16.6,3554,185,81,2026-04-27 02:14:32,2026-04-27 09:59:45,85,16.4,443,465,227,79,137,22,638,127,95,88
2026-04-26 03:16:16,2026-04-27 02:14:32,UTC-04:00,20,71,51,34.38,93.00,14.9,2933,174,85,2026-04-26 03:16:16,2026-04-26 09:53:17,31,17.4,291,397,139,94,58,106,644,127,73,83
2026-04-25 02:38:06,2026-04-26 03:16:16,UTC-04:00,73,56,90,34.12,97.67,15.9,3292,161,81,2026-04-25 02:38:06,2026-04-25 09:19:54,78,16.3,386,401,225,64,97,15,616,123,96,82
2026-04-24 02:20:13,2026-04-25 02:38:06,UTC-04:00,39,67,65,34.06,96.20,12.0,2569,172,75,2026-04-24 02:20:13,2026-04-24 10:07:03,77,16.3,432,466,225,95,112,34,623,94,92,85
2026-04-23 02:08:11,2026-04-24 02:20:13,UTC-04:00,52,60,80,34.03,94.94,17.5,3885,178,82,2026-04-23 02:08:11,2026-04-23 10:43:25,83,16.0,465,515,150,128,187,50,613,102,90,78
2026-04-22 02:48:05,2026-04-23 02:08:11,UTC-04:00,51,60,81,33.82,94.77,14.9,3163,157,77,2026-04-22 02:48:05,2026-04-22 11:20:55,82,16.6,466,512,167,138,161,46,626,127,91,75
2026-04-21 02:22:00,2026-04-22 02:48:05,UTC-04:00,70,54,94,34.32,95.57,12.9,2786,149,77,2026-04-21 02:22:00,2026-04-21 09:50:44,78,16.2,413,448,191,93,129,35,618,127,92,70
2026-04-20 04:18:25,2026-04-21 02:22:00,UTC-04:00,69,57,103,33.74,93.08,11.2,2394,143,72,2026-04-20 04:18:25,2026-04-20 10:21:40,70,16.5,339,363,113,118,108,24,618,124,93,83
2026-04-19 03:41:53,2026-04-20 04:18:25,UTC-04:00,54,61,84,33.68,93.50,12.0,2613,135,77,2026-04-19 03:41:53,2026-04-19 11:54:05,61,17.3,372,492,169,98,105,120,621,127,76,72
2026-04-18 04:23:18,2026-04-19 03:41:53,UTC-04:00,22,63,77,33.97,88.67,11.9,2523,136,78,2026-04-18 04:23:18,2026-04-18 10:26:12,26,18.0,248,362,131,83,34,114,659,117,68,78
2026-04-17 02:08:19,2026-04-18 04:23:18,UTC-04:00,65,55,93,33.96,93.92,19.3,4599,188,86,2026-04-17 02:08:19,2026-04-17 10:03:53,83,17.3,439,475,222,62,155,36,622,127,92,83
2026-04-16 03:53:45,2026-04-17 02:08:19,UTC-04:00,54,53,88,34.41,94.18,12.2,2543,142,75,2026-04-16 03:53:45,2026-04-16 10:26:14,72,17.2,369,392,154,81,134,23,633,123,94,79
2026-04-15 02:56:11,2026-04-16 03:53:45,UTC-04:00,60,54,94,34.35,95.56,14.7,3264,144,79,2026-04-15 02:56:11,2026-04-15 10:15:28,63,17.1,337,439,179,24,134,102,585,53,76,79
2026-04-14 01:31:01,2026-04-15 02:56:11,UTC-04:00,73,55,94,34.34,93.50,17.9,3441,188,76,2026-04-14 01:31:01,2026-04-14 10:48:33,81,18.0,507,557,263,89,155,50,590,107,91,64
2026-04-13 02:33:51,2026-04-14 01:31:01,UTC-04:00,90,52,116,34.83,93.90,8.7,2261,137,68,2026-04-13 02:33:51,2026-04-13 10:23:57,78,17.3,443,470,211,101,131,27,610,127,94,61
2026-04-12 05:02:54,2026-04-13 02:33:51,UTC-04:00,8,78,27,35.13,93.42,8.8,2107,143,80,2026-04-12 05:02:54,2026-04-12 11:32:24,31,18.5,337,389,109,123,105,52,659,127,87,71
2026-04-11 04:59:04,2026-04-12 05:02:54,UTC-04:00,5,72,41,34.84,94.44,17.9,3831,173,91,2026-04-11 04:59:04,2026-04-11 09:18:13,30,18.8,239,259,70,88,81,20,660,127,92,73
2026-04-10 04:19:01,2026-04-11 04:59:04,UTC-04:00,28,69,68,34.96,95.94,18.0,3889,176,89,2026-04-10 04:19:01,2026-04-10 09:47:02,59,17.5,315,328,149,76,90,13,624,120,96,81
2026-04-09 02:42:59,2026-04-10 04:19:01,UTC-04:00,76,56,94,34.06,94.95,14.0,3101,156,80,2026-04-09 02:42:59,2026-04-09 10:27:53,83,16.6,429,464,209,101,119,35,617,127,92,82
2026-04-08 03:58:42,2026-04-09 02:42:59,UTC-04:00,69,59,98,34.94,94.70,11.0,2409,162,74,2026-04-08 03:58:42,2026-04-08 11:03:00,67,16.6,362,424,173,62,127,62,645,127,85,80
2026-04-07 03:50:19,2026-04-08 03:58:42,UTC-04:00,56,61,85,34.63,94.91,16.0,2997,167,77,2026-04-07 03:50:19,2026-04-07 10:49:52,73,17.1,392,419,173,106,113,27,650,127,93,74
2026-04-06 02:52:17,2026-04-07 03:50:19,UTC-04:00,58,57,83,34.30,92.69,16.7,3292,183,78,2026-04-06 02:52:17,2026-04-06 09:54:04,81,16.2,392,421,85,147,160,29,601,123,92,86
2026-04-05 02:08:36,2026-04-06 02:52:17,UTC-04:00,49,60,78,34.93,96.00,5.7,2230,145,69,2026-04-05 02:08:36,2026-04-05 09:42:49,83,17.1,432,454,197,111,124,22,624,127,95,84
2026-04-04 03:20:32,2026-04-05 02:08:36,UTC-04:00,24,65,64,34.67,95.91,12.5,2480,200,78,2026-04-04 03:20:32,2026-04-04 09:38:44,46,17.3,291,378,153,31,107,87,610,110,77,74
2026-04-03 01:40:00,2026-04-04 03:20:32,UTC-04:00,63,56,92,34.85,94.11,13.2,2906,177,75,2026-04-03 01:40:00,2026-04-03 10:11:23,81,16.5,464,511,190,144,130,47,636,127,91,75
2026-04-02 02:40:59,2026-04-03 01:40:00,UTC-04:00,39,57,86,34.58,96.83,14.6,2456,153,73,2026-04-02 02:40:59,2026-04-02 07:54:19,57,16.8,293,313,125,70,98,20,607,112,94,75
2026-04-01 01:47:34,2026-04-02 02:40:59,UTC-04:00,57,62,84,34.26,92.84,12.3,2816,144,74,2026-04-01 01:47:34,2026-04-01 09:39:42,84,16.9,455,472,171,140,144,17,629,127,96,85
2026-03-31 01:52:28,2026-04-01 01:47:34,UTC-04:00,70,57,102,34.31,95.57,13.5,2892,150,79,2026-03-31 01:52:28,2026-03-31 08:10:36,73,16.7,367,378,211,86,70,11,615,126,97,71
2026-03-30 02:23:29,2026-03-31 01:52:28,UTC-04:00,59,61,86,34.18,94.57,10.7,2439,193,75,2026-03-30 02:23:29,2026-03-30 10:03:39,81,16.9,414,460,197,106,111,46,610,67,89,82
2026-03-29 01:55:20,2026-03-30 02:23:29,UTC-04:00,64,56,90,34.53,93.62,19.5,4314,193,83,2026-03-29 01:55:20,2026-03-29 10:28:23,77,16.9,425,513,169,116,140,88,530,42,82,74
2026-03-28 01:34:13,2026-03-29 01:55:20,UTC-04:00,43,67,66,34.58,92.61,10.6,2567,158,74,2026-03-28 01:34:13,2026-03-28 10:03:27,79,17.4,493,509,215,109,169,16,559,127,97,61
2026-03-27 03:10:51,2026-03-28 01:34:13,UTC-04:00,1,87,21,35.30,95.86,10.4,2329,181,86,2026-03-27 03:10:51,2026-03-27 09:20:14,23,18.9,299,369,143,78,78,70,672,127,81,83
2026-03-26 03:28:02,2026-03-27 03:10:51,UTC-04:00,47,54,105,34.80,94.40,19.8,4683,163,92,2026-03-26 03:28:02,2026-03-26 08:09:20,52,16.6,272,281,117,103,52,9,600,116,97,70
2026-03-25 02:34:11,2026-03-26 03:28:02,UTC-04:00,72,55,100,34.60,96.50,9.0,2474,140,71,2026-03-25 02:34:11,2026-03-25 10:17:05,83,16.9,431,462,184,118,129,31,613,127,93,84
2026-03-24 03:30:23,2026-03-25 02:34:11,UTC-04:00,57,58,113,34.72,95.25,9.8,2385,145,73,2026-03-24 03:30:23,2026-03-24 09:56:45,48,16.6,289,386,173,45,71,97,609,127,75,83
2026-03-23 03:20:18,2026-03-24 03:30:23,UTC-04:00,62,61,94,33.88,94.79,7.8,2325,149,70,2026-03-23 03:20:18,2026-03-23 10:55:43,83,16.8,421,455,175,133,113,34,627,105,93,92
2026-03-22 03:21:04,2026-03-23 03:20:18,UTC-04:00,71,59,96,34.17,93.50,16.5,2967,182,78,2026-03-22 03:21:04,2026-03-22 10:56:21,86,17.0,419,455,155,122,142,36,584,99,92,89
2026-03-21 02:12:13,2026-03-22 03:21:04,UTC-04:00,34,68,67,34.17,95.58,9.5,2536,142,75,2026-03-21 02:12:13,2026-03-21 10:52:47,69,17.7,447,520,173,115,159,73,645,127,86,75
2026-03-20 03:58:56,2026-03-21 02:12:13,UTC-04:00,50,62,81,34.26,94.79,16.0,3086,168,83,2026-03-20 03:58:56,2026-03-20 11:09:56,80,16.5,403,430,178,80,145,27,629,112,93,85
2026-03-19 03:56:03,2026-03-20 03:58:56,UTC-04:00,65,59,93,34.19,94.71,15.9,3317,164,81,2026-03-19 03:56:03,2026-03-19 10:58:09,80,17.3,394,422,157,84,153,28,568,55,93,74
2026-03-18 03:27:30,2026-03-19 03:56:03,UTC-04:00,94,57,118,33.60,94.38,15.2,2882,156,76,2026-03-18 03:27:30,2026-03-18 10:52:39,81,17.3,424,445,190,92,142,21,510,7,95,65
2026-03-17 04:26:00,2026-03-18 03:27:30,UTC-04:00,71,60,92,34.28,95.64,13.8,2757,159,77,2026-03-17 04:26:00,2026-03-17 11:42:19,79,18.0,394,436,166,60,168,42,406,0,90,44
2026-03-16 02:44:41,2026-03-17 04:26:00,UTC-04:00,34,66,69,35.02,95.06,9.7,2624,144,73,2026-03-16 02:44:41,2026-03-16 10:59:07,82,18.9,466,494,204,106,156,28,412,0,94,60
2026-03-15 02:09:19,2026-03-16 02:44:41,UTC-04:00,20,74,67,36.10,95.10,9.1,2453,140,78,2026-03-15 02:09:19,2026-03-15 13:14:18,50,17.2,524,664,335,80,109,140,512,127,79,42
2026-03-14 03:03:45,2026-03-15 02:09:19,UTC-04:00,38,66,85,35.27,94.50,8.3,2214,141,80,2026-03-14 03:03:45,2026-03-14 10:33:48,72,18.5,390,450,150,91,149,60,621,117,86,69
2026-03-13 03:49:15,2026-03-14 03:03:45,UTC-04:00,18,75,46,33.92,94.77,13.8,2567,190,78,2026-03-13 03:49:15,2026-03-13 11:51:06,44,17.8,416,481,188,106,122,65,650,125,86,55
2026-03-12 03:28:51,2026-03-13 03:49:15,UTC-04:00,82,57,111,33.81,94.75,17.0,3466,154,81,2026-03-12 03:28:51,2026-03-12 08:57:51,70,16.9,298,328,128,90,80,30,493,47,90,53
2026-03-11 02:10:30,2026-03-12 03:28:51,UTC-04:00,6,82,79,34.86,,8.9,2525,142,69,2026-03-11 14:31:00,2026-03-11 15:31:00,1,17.1,37,60,7,30,0,23,524,47,62,
2026-03-10 04:26:16,2026-03-11 02:10:30,UTC-04:00,5,71,81,33.56,96.00,15.2,3031,168,89,2026-03-10 19:26:00,2026-03-10 21:13:00,16,17.5,62,107,22,20,20,45,636,127,83,
2026-03-09 04:19:46,2026-03-10 04:26:16,UTC-04:00,54,55,105,33.11,96.00,15.1,3298,154,83,2026-03-09 04:19:46,2026-03-09 10:00:47,60,16.8,319,341,175,92,52,22,640,127,93,74
2026-03-08 04:40:18,2026-03-09 04:19:46,UTC-04:00,40,67,81,34.55,95.27,15.2,3310,167,78,2026-03-08 04:40:18,2026-03-08 11:07:36,63,17.4,335,387,186,68,81,52,616,83,86,73
2026-03-07 02:38:36,2026-03-08 03:40:18,UTC-05:00,71,57,104,34.24,96.28,17.9,3615,176,81,2026-03-07 02:38:36,2026-03-07 10:39:21,79,16.9,440,480,196,128,116,40,570,90,91,64
2026-03-06 03:33:02,2026-03-07 02:38:36,UTC-05:00,70,56,100,34.30,93.00,6.9,2203,140,70,2026-03-06 03:33:02,2026-03-06 11:59:51,73,16.6,429,506,168,117,144,77,571,127,84,54
2026-03-05 03:45:45,2026-03-06 03:33:02,UTC-05:00,33,58,94,34.77,95.00,13.5,2524,144,74,2026-03-05 03:45:45,2026-03-05 08:09:37,42,16.5,241,263,140,77,24,22,590,70,93,56
2026-03-04 01:46:19,2026-03-05 03:45:45,UTC-05:00,89,57,124,33.82,95.21,16.2,3193,181,75,2026-03-04 01:46:19,2026-03-04 10:46:54,74,16.5,451,540,230,93,128,89,561,127,83,57
2026-03-03 03:25:52,2026-03-04 01:46:19,UTC-05:00,1,79,39,33.80,95.50,9.7,2331,157,72,2026-03-03 18:27:00,2026-03-03 19:51:00,12,17.1,52,84,28,24,0,32,610,127,94,
2026-03-02 02:54:40,2026-03-03 03:25:52,UTC-05:00,80,58,111,34.26,94.64,15.2,2977,191,71,2026-03-02 02:54:40,2026-03-02 10:28:30,82,16.7,418,453,189,123,106,35,607,127,92,81
2026-03-01 03:29:35,2026-03-02 02:54:40,UTC-05:00,2,84,22,35.53,93.85,6.6,2166,165,80,2026-03-01 03:29:35,2026-03-01 09:10:45,21,17.6,281,341,126,73,82,60,670,127,82,76
2026-02-28 04:24:04,2026-03-01 03:29:35,UTC-05:00,65,60,93,34.04,95.73,19.5,4561,174,90,2026-02-28 04:24:04,2026-02-28 10:40:40,70,16.6,362,376,184,95,83,14,639,127,96,72
2026-02-27 02:55:12,2026-02-28 04:24:04,UTC-05:00,73,60,103,34.33,94.54,15.1,2984,165,74,2026-02-27 02:55:12,2026-02-27 10:30:48,81,16.2,421,455,211,79,131,34,632,127,92,82
2026-02-26 02:05:39,2026-02-27 02:55:12,UTC-05:00,47,61,87,32.88,96.70,14.0,2934,191,77,2026-02-26 02:05:39,2026-02-26 08:29:40,70,16.3,362,384,136,106,120,22,620,127,94,69
2026-02-25 03:07:42,2026-02-26 02:05:39,UTC-05:00,74,58,102,34.73,95.09,11.6,2517,157,78,2026-02-25 03:07:42,2026-02-25 10:32:31,83,16.5,408,444,138,131,139,36,612,127,92,91
2026-02-24 04:06:46,2026-02-25 03:07:42,UTC-05:00,63,56,101,34.71,94.27,9.4,2365,160,72,2026-02-24 04:06:46,2026-02-24 10:29:27,67,16.5,327,382,128,108,91,55,599,120,85,83
2026-02-23 03:01:12,2026-02-24 04:06:46,UTC-05:00,93,56,121,33.41,93.83,5.9,2314,147,69,2026-02-23 03:01:12,2026-02-23 10:35:09,83,16.6,418,453,160,98,160,35,605,127,92,86
2026-02-22 03:24:44,2026-02-23 03:01:12,UTC-05:00,80,59,100,34.53,95.08,4.9,2128,143,67,2026-02-22 03:24:44,2026-02-22 10:07:26,77,16.6,374,402,121,102,151,28,606,126,93,80
2026-02-21 03:01:11,2026-02-22 03:24:44,UTC-05:00,65,61,90,33.88,96.50,7.2,2331,150,72,2026-02-21 03:01:11,2026-02-21 09:38:20,74,16.5,367,397,177,83,107,30,619,111,92,79
2026-02-20 02:54:45,2026-02-21 03:01:11,UTC-05:00,66,62,86,34.37,93.87,14.5,2614,155,76,2026-02-20 02:54:45,2026-02-20 10:57:16,79,16.6,448,482,163,124,161,34,622,116,92,66
2026-02-19 01:12:28,2026-02-20 02:54:45,UTC-05:00,78,63,96,34.33,95.33,14.1,2825,173,75,2026-02-19 01:12:28,2026-02-19 08:58:11,75,17.2,383,465,180,114,89,82,563,79,82,78
2026-02-18 01:48:59,2026-02-19 01:12:28,UTC-05:00,87,64,102,34.68,92.97,9.1,2348,147,77,2026-02-18 01:48:59,2026-02-18 09:45:56,82,17.4,418,476,198,52,168,58,542,60,87,79
2026-02-17 00:53:03,2026-02-18 01:48:59,UTC-05:00,58,64,78,34.89,95.32,8.0,2439,150,75,2026-02-17 00:53:03,2026-02-17 09:35:41,81,17.0,485,522,241,94,150,37,579,57,92,66
2026-02-16 02:08:01,2026-02-17 00:53:03,UTC-05:00,48,71,74,34.34,95.85,16.5,3041,187,83,2026-02-16 02:08:01,2026-02-16 11:41:20,68,17.6,464,573,240,105,119,109,578,95,81,71
2026-02-15 01:30:59,2026-02-16 02:08:01,UTC-05:00,58,66,85,34.15,97.82,8.9,1858,165,78,2026-02-15 01:30:59,2026-02-15 10:30:17,68,17.1,422,539,234,75,113,117,612,105,78,68
2026-02-14 04:10:53,2026-02-15 01:30:59,UTC-05:00,73,61,100,34.35,95.67,14.4,2798,182,83,2026-02-14 04:10:53,2026-02-14 11:08:12,70,16.8,377,417,168,92,117,40,587,101,90,45
2026-02-13 01:06:40,2026-02-14 04:10:53,UTC-05:00,47,66,74,34.93,95.45,9.8,2785,160,75,2026-02-13 01:06:40,2026-02-13 09:39:38,82,16.6,474,512,203,122,149,38,632,116,92,76
2026-02-12 01:12:26,2026-02-13 01:06:40,UTC-05:00,22,74,48,34.75,93.60,15.6,3065,174,85,2026-02-12 01:12:26,2026-02-12 08:30:40,66,17.8,385,438,186,96,103,53,618,127,88,78
2026-02-11 00:41:26,2026-02-12 01:12:26,UTC-05:00,72,62,98,34.96,95.89,11.0,2625,162,76,2026-02-11 00:41:26,2026-02-11 08:23:01,77,16.1,419,461,200,78,141,42,630,127,90,66
2026-02-10 00:58:21,2026-02-11 00:41:26,UTC-05:00,51,61,92,34.00,94.31,13.5,2882,171,81,2026-02-10 00:58:21,2026-02-10 05:53:46,57,16.1,273,295,134,88,51,22,529,34,92,47
2026-02-09 01:04:49,2026-02-10 00:58:21,UTC-05:00,86,58,105,33.67,93.86,12.2,2715,156,75,2026-02-09 01:04:49,2026-02-09 09:19:47,81,16.7,463,494,180,146,137,31,516,127,93,60
2026-02-08 02:48:14,2026-02-09 01:04:49,UTC-05:00,13,64,106,35.07,96.00,5.5,2068,140,71,2026-02-08 11:20:00,2026-02-08 12:51:00,26,16.9,89,91,33,18,38,2,603,127,98,
2026-02-07 03:13:56,2026-02-08 02:48:14,UTC-05:00,18,75,44,34.62,95.95,9.3,2387,145,82,2026-02-07 03:13:56,2026-02-07 09:43:42,38,17.4,330,389,161,70,99,59,634,126,84,63
2026-02-06 01:29:02,2026-02-07 03:13:56,UTC-05:00,72,60,95,34.99,94.82,17.5,4086,172,86,2026-02-06 01:29:02,2026-02-06 09:00:18,79,16.3,412,451,199,90,123,39,610,127,91,72
2026-02-05 02:38:00,2026-02-06 01:29:02,UTC-05:00,43,62,81,34.34,95.71,8.2,2263,157,75,2026-02-05 02:38:00,2026-02-05 08:14:31,65,16.4,317,336,128,93,96,19,587,106,94,67
2026-02-04 00:10:20,2026-02-05 02:38:00,UTC-05:00,67,60,93,33.95,95.50,7.8,2547,144,74,2026-02-04 00:10:20,2026-02-04 07:08:09,81,16.2,402,417,165,121,116,15,567,81,96,75
2026-02-03 00:34:20,2026-02-04 00:10:20,UTC-05:00,67,60,91,34.47,93.35,9.6,2378,157,75,2026-02-03 00:34:20,2026-02-03 08:29:39,84,16.0,434,475,150,125,159,41,561,68,91,81
2026-02-01 23:22:35,2026-02-03 00:34:20,UTC-05:00,41,66,71,34.65,95.22,11.7,2738,170,78,2026-02-01 23:22:35,2026-02-02 08:12:33,79,16.8,465,529,156,141,168,64,571,91,87,67
2026-02-01 01:23:11,2026-02-01 23:22:35,UTC-05:00,88,56,110,34.47,96.14,7.0,2103,167,69,2026-02-01 01:23:11,2026-02-01 08:59:00,78,15.9,420,455,169,83,168,35,563,84,92,57
2026-01-31 00:41:39,2026-02-01 01:23:11,UTC-05:00,86,57,105,35.04,95.95,5.9,2312,147,66,2026-01-31 00:41:39,2026-01-31 07:59:40,78,16.3,397,438,145,119,133,41,528,127,90,57
2026-01-29 23:55:30,2026-01-31 00:41:39,UTC-05:00,6,70,66,35.78,94.00,5.4,2279,152,68,2026-01-30 14:01:00,2026-01-30 15:23:00,25,17.4,77,82,27,36,14,5,605,127,95,
2026-01-28 22:31:26,2026-01-29 23:55:30,UTC-05:00,85,61,90,34.79,95.50,11.6,2810,153,75,2026-01-28 22:31:26,2026-01-29 07:06:34,73,16.6,426,515,192,101,133,89,598,110,83,65
2026-01-27 22:38:39,2026-01-28 22:31:26,UTC-05:00,85,62,89,34.96,94.53,10.4,2559,160,75,2026-01-27 22:38:39,2026-01-28 06:20:22,76,16.4,441,461,192,93,156,20,613,127,95,54
2026-01-27 01:38:58,2026-01-27 22:38:39,UTC-05:00,74,64,84,35.07,94.62,9.5,2187,158,78,2026-01-27 01:38:58,2026-01-27 07:27:29,71,16.6,326,348,151,92,83,22,546,114,93,63
2026-01-26 01:07:57,2026-01-27 01:38:58,UTC-05:00,74,65,80,35.17,93.50,6.7,2325,154,73,2026-01-26 01:07:57,2026-01-26 09:30:11,52,17.3,386,502,119,129,138,116,615,125,76,42
2026-01-25 01:03:18,2026-01-26 01:07:57,UTC-05:00,36,71,60,35.32,95.33,10.8,2597,160,78,2026-01-25 01:03:18,2026-01-25 07:27:48,62,16.8,359,384,127,89,143,25,610,127,93,30
2026-01-24 01:00:17,2026-01-25 01:03:18,UTC-05:00,22,73,49,34.39,93.55,8.5,2369,149,81,2026-01-24 01:00:17,2026-01-24 06:37:00,52,17.2,319,336,119,102,98,17,606,127,94,15
2026-01-23 03:07:05,2026-01-24 09:00:17,UTC+03:00,50,68,68,34.56,95.50,5.4,2694,129,78,2026-01-23 03:07:05,2026-01-23 10:18:22,76,17.5,381,431,178,92,111,50,594,115,88,81
2026-01-22 01:26:30,2026-01-23 03:07:05,UTC+03:00,36,71,67,34.28,93.69,5.9,2337,138,78,2026-01-22 01:26:30,2026-01-22 10:33:46,60,17.3,398,547,186,37,175,149,628,127,72,78
2026-01-21 02:24:29,2026-01-22 01:26:30,UTC+03:00,51,65,68,34.55,96.92,13.4,2789,173,83,2026-01-21 02:24:29,2026-01-21 09:51:43,82,17.0,409,447,190,114,105,38,607,121,91,87
2026-01-20 02:29:25,2026-01-21 02:24:29,UTC+03:00,45,72,65,34.38,94.70,9.7,2431,162,80,2026-01-20 02:29:25,2026-01-20 11:00:55,54,17.2,359,511,171,76,112,152,603,120,70,80
2026-01-19 02:25:53,2026-01-20 02:29:25,UTC+03:00,37,66,66,34.87,96.09,8.2,2357,157,78,2026-01-19 02:25:53,2026-01-19 09:10:29,82,17.0,385,404,181,103,101,19,573,93,95,85
2026-01-18 01:17:00,2026-01-19 02:25:53,UTC+03:00,,,,,,6.4,1921,162,76,,,,,,,,,,,,,,
2026-01-17 01:58:12,2026-01-18 01:17:00,UTC+03:00,65,60,85,34.88,92.27,6.8,2204,164,73,2026-01-17 01:58:12,2026-01-17 10:07:57,86,17.1,458,489,237,83,138,31,604,126,93,88
2026-01-16 02:18:21,2026-01-17 01:58:12,UTC+03:00,58,66,86,34.58,93.64,4.5,2119,133,73,2026-01-16 02:18:21,2026-01-16 10:10:20,63,16.7,352,471,153,58,141,119,605,127,74,85
2026-01-15 03:11:49,2026-01-16 02:18:21,UTC+03:00,68,63,88,34.91,93.73,5.4,2091,135,76,2026-01-15 03:11:49,2026-01-15 10:02:44,79,17.3,396,410,163,100,133,14,594,112,96,73
2026-01-14 02:03:30,2026-01-15 03:11:49,UTC+03:00,59,63,77,34.62,96.07,8.3,2437,168,76,2026-01-14 02:03:30,2026-01-14 09:33:31,81,16.9,431,450,142,125,164,19,605,127,95,74
2026-01-13 01:23:54,2026-01-14 02:03:30,UTC+03:00,89,62,107,34.79,95.50,4.9,2219,149,70,2026-01-13 01:23:54,2026-01-13 09:07:16,72,17.3,392,463,189,53,150,71,603,123,84,64
2026-01-12 03:36:54,2026-01-13 01:23:54,UTC+03:00,59,66,79,34.77,94.04,6.3,2024,141,75,2026-01-12 03:36:54,2026-01-12 09:57:18,72,17.4,341,380,144,74,123,39,533,54,89,53
2026-01-11 00:10:22,2026-01-12 03:36:54,UTC+03:00,56,65,76,34.27,95.36,6.3,2536,162,74,2026-01-11 00:10:22,2026-01-11 08:12:53,79,17.3,467,482,268,62,137,15,552,72,96,57
2026-01-10 00:46:26,2026-01-11 00:10:22,UTC+03:00,73,63,89,33.74,94.67,6.7,2214,148,77,2026-01-10 00:46:26,2026-01-10 07:36:53,75,16.8,399,410,127,112,160,11,511,127,97,42
2026-01-09 04:20:25,2026-01-10 00:46:26,UTC+03:00,9,76,49,35.08,94.86,5.2,1888,151,76,2026-01-09 04:20:25,2026-01-09 09:13:04,20,17.6,217,292,122,49,46,75,627,127,74,61
2026-01-08 03:38:37,2026-01-09 04:20:25,UTC+03:00,67,63,105,34.53,95.94,13.0,2923,166,84,2026-01-08 03:38:37,2026-01-08 09:37:12,49,17.0,300,358,84,98,118,58,585,104,84,48
2026-01-07 00:26:21,2026-01-08 03:38:37,UTC+03:00,61,64,77,34.22,96.00,7.5,2616,174,74,2026-01-07 00:26:21,2026-01-07 08:48:48,80,17.1,461,502,240,64,157,41,623,127,91,67
2026-01-06 01:25:27,2026-01-07 00:26:21,UTC+03:00,51,62,81,33.36,94.71,12.2,2681,161,80,2026-01-06 01:25:27,2026-01-06 06:37:49,60,17.3,307,312,86,120,101,5,618,127,98,73
2026-01-05 00:22:16,2026-01-06 01:25:27,UTC+03:00,30,68,63,34.64,96.08,11.0,2718,160,79,2026-01-05 00:22:16,2026-01-05 06:14:54,69,17.8,334,352,127,104,103,18,592,114,94,67
2026-01-03 23:34:44,2026-01-05 00:22:16,UTC+03:00,69,64,83,34.64,95.92,4.3,2236,128,72,2026-01-03 23:34:44,2026-01-04 07:01:48,77,17.1,424,447,204,111,109,23,602,125,95,57
2026-01-02 23:55:00,2026-01-03 23:34:44,UTC+03:00,66,63,82,34.28,97.06,4.2,2134,136,72,2026-01-02 23:55:00,2026-01-03 07:21:03,72,17.2,412,446,179,89,144,34,606,127,92,41
2026-01-01 23:53:56,2026-01-02 23:55:00,UTC+03:00,28,71,73,34.68,95.00,5.7,2243,149,76,2026-01-01 23:53:56,2026-01-02 05:13:47,15,18.1,240,319,100,25,115,79,605,127,75,22
2026-01-01 06:36:14,2026-01-01 23:53:56,UTC+03:00,44,68,69,35.47,95.85,4.6,1573,134,75,2026-01-01 06:36:14,2026-01-01 12:14:31,55,17.7,333,338,175,85,73,5,606,127,98,13
2025-12-31 00:04:40,2026-01-01 06:36:14,UTC+03:00,47,63,74,35.00,94.80,6.0,2799,143,79,2025-12-31 00:04:40,2025-12-31 05:32:08,57,17.6,286,327,102,97,87,41,497,127,87,23
2025-12-29 19:28:09,2025-12-31 00:04:40,UTC+03:00,2,82,29,34.35,91.50,6.9,2717,146,78,2025-12-30 05:37:00,2025-12-30 07:39:00,12,18.0,110,122,36,38,36,12,604,127,94,
2025-12-29 01:20:49,2025-12-29 19:28:09,UTC+03:00,52,62,135,34.17,95.00,5.6,1699,144,74,2025-12-29 01:20:49,2025-12-29 04:09:19,33,17.9,140,168,69,62,9,28,316,127,83,16
2025-12-28 03:01:18,2025-12-29 01:20:49,UTC+03:00,18,77,53,34.70,95.88,4.6,1983,139,73,2025-12-28 03:01:18,2025-12-28 08:59:11,26,18.5,294,357,72,83,139,63,607,127,82,40
2025-12-27 03:23:18,2025-12-28 03:01:18,UTC+03:00,59,66,93,34.99,96.17,6.3,2196,142,77,2025-12-27 03:23:18,2025-12-27 09:02:25,51,17.9,315,339,142,100,73,24,607,127,93,14
2025-12-26 06:52:46,2025-12-27 03:23:18,UTC+03:00,7,80,27,34.42,95.30,6.3,1901,138,84,2025-12-26 06:52:46,2025-12-26 12:55:42,27,17.9,327,362,109,130,88,35,607,127,90,14
2025-12-24 07:50:00,2025-12-25 22:52:46,UTC-05:00,1,75,63,35.37,99.00,19.3,5214,187,88,2025-12-25 11:08:47,2025-12-25 12:17:13,21,18.6,62,68,24,27,11,6,606,127,91,
2025-12-23 02:33:28,2025-12-24 04:50:00,UTC-08:00,43,69,85,34.79,94.00,7.5,2501,152,76,2025-12-23 02:33:28,2025-12-23 08:00:59,59,17.9,315,327,130,116,69,12,629,127,96,74
2025-12-22 03:37:56,2025-12-23 02:33:28,UTC-08:00,13,82,59,34.83,94.55,13.4,2756,178,90,2025-12-22 03:37:56,2025-12-22 08:52:26,18,18.1,270,314,105,88,77,44,659,127,86,55
2025-12-21 00:40:24,2025-12-22 03:37:56,UTC-08:00,84,62,104,34.56,96.72,17.8,3655,192,83,2025-12-21 00:40:24,2025-12-21 07:35:54,75,17.2,384,415,230,84,70,31,600,100,92,68
2025-12-20 01:02:22,2025-12-21 00:40:24,UTC-08:00,84,60,102,33.92,96.00,13.1,2734,160,79,2025-12-20 01:02:22,2025-12-20 08:54:59,78,17.3,437,472,173,115,149,35,593,127,92,60
2025-12-19 01:47:39,2025-12-20 01:02:22,UTC-08:00,48,66,90,34.52,95.60,10.8,2476,163,77,2025-12-19 01:47:39,2025-12-19 06:59:39,56,17.4,273,312,138,56,79,39,532,127,87,58
2025-12-18 03:16:37,2025-12-19 04:47:39,UTC-05:00,16,70,71,34.81,97.88,11.7,2727,156,82,2025-12-18 03:16:37,2025-12-18 07:00:05,40,17.0,220,223,98,94,28,3,615,119,98,87
2025-12-17 04:26:05,2025-12-18 03:16:37,UTC-05:00,33,67,74,34.70,95.73,12.1,2583,156,82,2025-12-17 04:26:05,2025-12-17 10:59:53,75,16.6,360,393,173,104,83,33,599,104,91,85
2025-12-16 03:07:34,2025-12-17 04:26:05,UTC-05:00,77,62,100,34.38,95.37,12.1,2783,163,76,2025-12-16 03:07:34,2025-12-16 10:44:12,84,16.5,425,456,218,111,96,31,587,108,93,86
2025-12-15 03:50:30,2025-12-16 03:07:34,UTC-05:00,66,61,95,34.07,97.13,5.9,2108,128,71,2025-12-15 03:50:30,2025-12-15 11:22:55,85,16.6,429,452,209,83,137,23,598,118,94,87
2025-12-14 03:53:52,2025-12-15 03:50:30,UTC-05:00,60,61,92,33.88,94.82,6.4,2220,138,72,2025-12-14 03:53:52,2025-12-14 11:14:51,81,16.6,412,440,145,121,146,28,597,109,93,79
2025-12-13 03:41:20,2025-12-14 03:53:52,UTC-05:00,53,62,89,34.43,95.93,10.4,2508,167,75,2025-12-13 03:41:20,2025-12-13 11:31:04,79,16.8,427,469,199,101,127,42,597,101,91,68
2025-12-12 02:44:09,2025-12-13 03:41:20,UTC-05:00,40,63,79,34.03,93.94,12.2,2773,164,75,2025-12-12 02:44:09,2025-12-12 10:17:09,83,16.7,437,453,241,85,111,16,595,98,96,82
2025-12-11 02:26:38,2025-12-12 02:44:09,UTC-05:00,68,61,100,34.18,95.29,12.5,2725,160,79,2025-12-11 02:26:38,2025-12-11 09:02:29,81,17.1,381,395,156,126,99,14,534,44,96,76
2025-12-10 01:40:06,2025-12-11 02:26:38,UTC-05:00,63,63,96,33.94,94.81,10.8,2667,151,75,2025-12-10 01:40:06,2025-12-10 11:09:05,85,16.6,502,568,206,120,176,66,572,86,88,82
2025-12-09 01:52:04,2025-12-10 01:40:06,UTC-05:00,86,60,111,34.19,96.59,9.4,2378,151,75,2025-12-09 01:52:04,2025-12-09 09:54:35,85,16.7,429,482,224,84,121,53,564,84,89,84
2025-12-08 02:13:52,2025-12-09 01:52:04,UTC-05:00,86,59,103,33.67,94.97,6.1,2182,151,71,2025-12-08 02:13:52,2025-12-08 10:20:38,86,16.3,459,486,210,112,137,27,591,110,94,86
2025-12-07 02:59:50,2025-12-08 02:13:52,UTC-05:00,50,62,84,34.19,96.03,7.2,2223,147,73,2025-12-07 02:59:50,2025-12-07 10:45:39,84,17.0,431,465,187,113,131,34,603,120,92,86
2025-12-06 03:21:36,2025-12-07 02:59:50,UTC-05:00,47,70,84,34.91,94.93,8.5,2342,150,77,2025-12-06 03:21:36,2025-12-06 10:57:44,77,17.2,399,456,166,95,138,57,586,90,87,73
2025-12-05 02:26:34,2025-12-06 03:21:36,UTC-05:00,80,61,103,33.59,94.95,12.3,2810,156,78,2025-12-05 02:26:34,2025-12-05 10:20:59,83,16.6,448,474,175,122,151,26,589,100,94,78
2025-12-04 01:33:53,2025-12-05 02:26:34,UTC-05:00,84,59,102,33.26,94.94,10.3,2554,168,77,2025-12-04 01:33:53,2025-12-04 09:42:35,81,16.8,452,488,216,115,121,36,609,127,92,72
2025-12-03 02:53:02,2025-12-04 01:33:53,UTC-05:00,41,65,83,34.52,95.57,7.7,2209,164,74,2025-12-03 02:53:02,2025-12-03 10:00:22,46,16.3,313,427,119,51,143,114,627,127,73,75
2025-12-02 02:34:02,2025-12-03 02:53:02,UTC-05:00,50,63,103,33.67,96.33,13.0,2863,161,82,2025-12-02 02:34:02,2025-12-02 07:46:23,49,17.1,279,312,101,121,57,33,619,127,89,58
2025-12-01 05:09:59,2025-12-02 02:34:02,UTC-05:00,24,70,79,33.99,96.40,11.1,2300,171,81,2025-12-01 05:09:59,2025-12-01 10:14:40,22,17.2,228,304,131,25,72,76,597,105,74,54
2025-11-30 02:02:27,2025-12-01 05:09:59,UTC-05:00,78,67,94,33.81,97.33,11.3,2910,160,77,2025-11-30 02:02:27,2025-11-30 09:48:45,75,17.6,401,466,248,87,66,65,566,80,86,63
2025-11-29 02:53:54,2025-11-30 02:02:27,UTC-05:00,77,65,93,33.94,95.55,9.4,2333,157,77,2025-11-29 02:53:54,2025-11-29 11:34:34,77,17.6,482,520,216,125,141,38,607,127,92,52
2025-11-28 01:08:22,2025-11-29 02:53:54,UTC-05:00,33,77,70,34.34,92.46,6.2,2363,130,80,2025-11-28 01:08:22,2025-11-28 06:36:23,46,18.1,317,328,135,89,93,11,608,127,96,51
2025-11-27 03:36:59,2025-11-28 01:08:22,UTC-05:00,35,72,80,34.16,93.64,7.0,2041,141,80,2025-11-27 03:36:59,2025-11-27 09:01:39,56,18.0,306,324,121,98,87,18,622,126,94,79
2025-11-26 01:53:24,2025-11-27 03:36:59,UTC-05:00,52,70,81,33.71,95.94,12.3,2796,167,78,2025-11-26 01:53:24,2025-11-26 09:29:24,75,17.9,416,456,231,75,110,40,612,127,91,81
2025-11-25 04:22:52,2025-11-26 01:53:24,UTC-05:00,22,77,70,34.31,95.82,9.2,2159,148,83,2025-11-25 04:22:52,2025-11-25 09:41:04,33,17.7,277,318,117,82,78,41,619,127,87,77
2025-11-24 02:08:16,2025-11-25 04:22:52,UTC-05:00,56,62,87,33.90,92.74,11.1,2755,156,77,2025-11-24 02:08:16,2025-11-24 09:47:49,78,17.3,401,459,187,81,133,58,625,127,87,86
2025-11-23 03:20:04,2025-11-24 02:08:16,UTC-05:00,32,74,75,33.87,95.71,12.5,2618,156,82,2025-11-23 03:20:04,2025-11-23 09:34:08,59,17.8,332,374,148,90,94,42,630,121,88,80
2025-11-22 02:01:01,2025-11-23 03:20:04,UTC-05:00,79,62,105,33.97,96.50,14.7,3234,158,81,2025-11-22 02:01:01,2025-11-22 10:00:31,78,17.6,406,479,211,85,110,38,594,113,84,83
2025-11-21 03:14:29,2025-11-22 02:01:01,UTC-05:00,55,60,88,33.29,93.40,7.1,2157,145,72,2025-11-21 03:14:29,2025-11-21 09:57:55,75,17.0,371,403,108,112,151,32,599,116,92,74
2025-11-20 01:27:25,2025-11-21 03:14:29,UTC-05:00,85,58,110,33.46,95.64,8.0,2474,154,71,2025-11-20 01:27:25,2025-11-20 08:36:28,78,16.2,395,429,213,82,100,34,577,90,94,67
2025-11-19 01:47:06,2025-11-20 01:27:25,UTC-05:00,53,60,88,33.31,97.00,9.9,2406,171,73,2025-11-19 01:47:06,2025-11-19 10:43:55,78,17.3,456,536,215,119,122,80,596,117,85,72
2025-11-18 03:10:31,2025-11-19 01:47:06,UTC-05:00,59,61,95,33.87,94.27,6.2,2080,150,72,2025-11-18 03:10:31,2025-11-18 10:00:02,78,17.0,371,409,157,107,107,38,554,64,90,71
2025-11-17 01:39:26,2025-11-18 03:10:31,UTC-05:00,95,57,121,33.34,95.69,10.6,2637,145,75,2025-11-17 01:39:26,2025-11-17 10:08:48,79,17.0,476,509,236,103,137,33,577,87,93,56
2025-11-16 04:24:54,2025-11-17 01:39:26,UTC-05:00,59,62,90,33.82,96.36,10.7,2280,164,74,2025-11-16 04:24:54,2025-11-16 13:01:50,68,17.3,421,516,188,109,124,95,596,100,81,51
2025-11-15 01:58:52,2025-11-16 04:24:54,UTC-05:00,93,58,115,34.15,96.08,12.2,2869,163,75,2025-11-15 01:58:52,2025-11-15 10:35:25,86,16.7,462,516,217,100,145,54,619,127,89,87
2025-11-14 02:52:19,2025-11-15 01:58:52,UTC-05:00,54,68,83,34.09,94.88,11.4,2532,151,77,2025-11-14 02:52:19,2025-11-14 10:33:26,81,16.9,411,461,167,96,148,50,609,105,89,85
2025-11-13 02:16:43,2025-11-14 02:52:19,UTC-05:00,82,60,100,34.41,94.47,13.7,2946,181,80,2025-11-13 02:16:43,2025-11-13 09:53:25,83,16.6,442,456,234,83,125,14,606,117,96,82
2025-11-12 02:31:08,2025-11-13 02:16:43,UTC-05:00,86,60,103,34.54,94.06,10.5,2453,179,75,2025-11-12 02:31:08,2025-11-12 10:11:06,82,16.8,427,459,181,89,157,32,610,127,92,78
2025-11-11 03:04:08,2025-11-12 02:31:08,UTC-05:00,67,64,89,34.42,95.13,7.9,2280,152,76,2025-11-11 03:04:08,2025-11-11 09:49:50,75,17.0,377,405,171,96,110,28,611,127,92,75
2025-11-10 02:38:11,2025-11-11 02:04:08,UTC-06:00,74,67,94,35.53,95.14,8.4,2273,147,78,2025-11-10 02:38:11,2025-11-10 09:26:23,78,17.0,386,408,181,90,115,22,585,89,94,75
2025-11-09 03:09:07,2025-11-10 02:38:11,UTC-06:00,37,81,68,33.07,92.00,12.3,2595,167,87,2025-11-09 03:09:07,2025-11-09 11:40:16,62,17.7,449,511,174,127,148,62,628,127,87,62
2025-11-08 02:02:14,2025-11-09 03:09:07,UTC-06:00,52,65,82,33.34,94.67,13.0,2885,166,82,2025-11-08 02:02:14,2025-11-08 09:17:42,77,17.0,399,435,169,104,126,36,633,127,91,78
2025-11-07 03:49:06,2025-11-08 02:02:14,UTC-06:00,49,64,80,34.37,95.32,14.0,2865,166,84,2025-11-07 03:49:06,2025-11-07 10:13:36,67,16.7,362,384,118,106,138,22,625,127,94,56
2025-11-06 03:00:19,2025-11-07 04:49:06,UTC-05:00,46,67,73,33.97,94.54,12.6,2883,155,83,2025-11-06 03:00:19,2025-11-06 09:59:51,77,17.2,388,419,141,125,122,31,621,127,92,77
2025-11-05 02:26:43,2025-11-06 03:00:19,UTC-05:00,58,60,86,33.55,95.80,11.7,2628,167,79,2025-11-05 02:26:43,2025-11-05 08:17:10,67,17.0,320,350,98,123,99,30,579,96,91,71
2025-11-04 02:55:17,2025-11-05 02:26:43,UTC-05:00,80,59,96,33.90,94.88,8.0,2281,148,73,2025-11-04 02:55:17,2025-11-04 09:03:33,78,17.2,349,368,158,97,94,19,500,19,94,63
2025-11-03 01:57:20,2025-11-04 02:55:17,UTC-05:00,80,61,97,34.01,96.50,7.3,2370,145,70,2025-11-03 01:57:20,2025-11-03 11:16:22,82,17.2,513,559,238,103,172,46,543,64,91,62
2025-11-02 00:25:58,2025-11-03 01:57:20,UTC-05:00,59,73,79,34.21,95.68,5.2,2302,141,72,2025-11-02 00:25:58,2025-11-02 10:07:56,73,17.6,544,581,278,93,173,37,645,127,93,54
2025-11-01 03:39:58,2025-11-02 01:25:58,UTC-04:00,1,81,31,33.95,95.20,15.8,3220,169,90,2025-11-01 03:39:58,2025-11-01 06:10:15,13,18.9,146,150,71,51,24,4,629,90,97,67
2025-10-31 03:39:55,2025-11-01 03:39:58,UTC-04:00,39,76,69,33.31,95.89,18.8,4299,191,89,2025-10-31 03:39:55,2025-10-31 12:15:39,71,17.7,457,515,195,117,145,58,597,87,88,61
2025-10-30 02:25:24,2025-10-31 03:39:55,UTC-04:00,26,82,58,34.42,95.17,14.8,3261,166,90,2025-10-30 02:25:24,2025-10-30 11:01:10,46,18.1,441,515,87,171,183,74,616,121,86,78
2025-10-29 02:05:19,2025-10-30 02:25:24,UTC-04:00,36,68,70,34.32,95.84,11.9,2649,149,83,2025-10-29 02:05:19,2025-10-29 09:51:59,82,17.2,450,466,191,86,173,16,639,127,96,83
2025-10-28 02:25:15,2025-10-29 02:05:19,UTC-04:00,52,60,90,34.05,94.39,14.9,3145,168,82,2025-10-28 02:25:15,2025-10-28 09:15:30,79,17.1,385,410,120,112,153,25,597,112,94,79
2025-10-27 01:31:10,2025-10-28 02:25:15,UTC-04:00,54,60,91,33.46,96.00,8.9,2478,159,74,2025-10-27 01:31:10,2025-10-27 08:53:45,80,16.8,425,442,200,122,103,17,601,120,96,71
2025-10-26 02:25:35,2025-10-27 01:31:10,UTC-04:00,62,59,101,32.79,96.33,6.9,2195,143,70,2025-10-26 02:25:35,2025-10-26 09:53:59,80,16.8,425,448,200,98,127,23,612,127,94,71
2025-10-25 04:36:04,2025-10-26 02:25:35,UTC-04:00,25,57,108,33.58,89.50,9.0,2213,149,75,2025-10-25 04:36:04,2025-10-25 07:49:55,34,17.2,187,193,60,88,39,6,552,73,96,62
2025-10-24 01:10:07,2025-10-25 04:36:04,UTC-04:00,30,73,59,33.85,93.67,5.5,2497,144,72,2025-10-24 01:10:07,2025-10-24 10:27:18,75,17.7,515,557,239,84,192,42,629,127,92,75
2025-10-23 02:52:36,2025-10-24 01:10:07,UTC-04:00,7,85,23,33.77,93.39,13.3,2714,158,89,2025-10-23 02:52:36,2025-10-23 09:32:28,32,18.2,335,399,98,94,143,64,660,127,84,86
2025-10-22 02:10:04,2025-10-23 02:52:36,UTC-04:00,49,64,100,33.04,95.80,17.9,4160,171,87,2025-10-22 02:10:04,2025-10-22 09:39:09,60,16.9,334,449,153,32,149,115,615,111,74,89
2025-10-21 01:59:24,2025-10-22 02:10:04,UTC-04:00,56,62,97,33.10,94.93,13.7,2931,178,80,2025-10-21 01:59:24,2025-10-21 09:43:15,82,16.9,414,463,155,142,117,49,587,103,89,81
2025-10-20 02:06:50,2025-10-21 01:59:24,UTC-04:00,74,59,118,33.58,95.50,8.5,2361,151,72,2025-10-20 02:06:50,2025-10-20 10:01:03,81,16.9,441,474,216,72,153,33,602,105,93,73
2025-10-19 02:21:47,2025-10-20 02:06:50,UTC-04:00,28,78,68,33.30,96.06,12.4,2728,157,81,2025-10-19 02:21:47,2025-10-19 11:11:57,67,17.8,488,530,193,101,194,42,652,127,92,61
2025-10-18 01:18:10,2025-10-19 02:21:47,UTC-04:00,47,64,94,33.13,95.64,16.7,3654,178,85,2025-10-18 01:18:10,2025-10-18 07:40:01,69,18.2,359,381,149,101,109,22,577,98,94,56
2025-10-17 03:24:10,2025-10-18 01:18:10,UTC-04:00,48,62,92,34.04,93.94,5.4,1982,140,71,2025-10-17 03:24:10,2025-10-17 10:34:18,77,17.3,390,426,142,98,150,36,543,127,91,57
2025-10-16 02:35:06,2025-10-17 03:24:10,UTC-04:00,1,74,46,33.97,,7.1,2322,141,74,2025-10-16 17:10:00,2025-10-16 18:20:00,18,18.6,65,70,53,7,5,5,607,127,93,
2025-10-15 01:04:35,2025-10-16 02:35:06,UTC-04:00,64,58,106,33.05,93.67,12.6,2855,163,75,2025-10-15 01:04:35,2025-10-15 10:45:10,66,16.6,439,574,265,87,87,135,586,87,76,56
2025-10-14 03:45:47,2025-10-15 01:04:35,UTC-04:00,93,54,145,33.15,95.00,12.8,2547,159,73,2025-10-14 03:45:47,2025-10-14 10:45:26,77,16.7,394,413,151,116,127,19,529,127,95,55
2025-10-13 02:27:01,2025-10-14 03:45:47,UTC-04:00,7,68,97,34.82,94.00,7.9,2475,150,75,2025-10-13 13:00:00,2025-10-13 14:21:00,22,17.5,80,81,47,29,4,1,607,127,99,
2025-10-12 03:06:58,2025-10-13 02:27:01,UTC-04:00,70,59,110,33.06,97.53,17.9,3883,175,84,2025-10-12 03:06:58,2025-10-12 10:31:49,71,17.1,390,438,171,107,112,48,628,127,89,56
2025-10-11 06:18:28,2025-10-12 03:06:58,UTC-04:00,15,82,63,33.79,92.50,13.0,2492,164,85,2025-10-11 06:18:28,2025-10-11 12:21:29,24,18.3,317,363,64,140,113,46,632,127,87,41
2025-10-10 03:37:35,2025-10-11 06:18:28,UTC-04:00,27,62,76,32.79,96.64,13.7,3224,161,79,2025-10-10 03:37:35,2025-10-10 09:59:06,73,16.7,366,376,142,102,122,10,633,127,97,80
2025-10-09 01:49:34,2025-10-10 03:37:35,UTC-04:00,46,61,92,32.80,95.19,13.9,3106,156,80,2025-10-09 01:49:34,2025-10-09 09:00:39,80,16.8,411,431,164,126,121,20,616,127,95,78
2025-10-08 03:42:47,2025-10-09 01:49:34,UTC-04:00,49,59,98,33.41,97.56,10.4,2336,162,76,2025-10-08 03:42:47,2025-10-08 09:47:58,67,16.6,337,361,127,104,106,24,620,120,93,76
2025-10-07 02:38:24,2025-10-08 03:42:47,UTC-04:00,77,57,113,33.78,97.29,12.9,2843,162,73,2025-10-07 02:38:24,2025-10-07 09:39:16,79,16.8,371,412,134,113,124,41,559,73,90,79
2025-10-06 01:13:21,2025-10-07 02:38:24,UTC-04:00,51,60,89,34.11,95.66,9.2,2563,154,71,2025-10-06 01:13:21,2025-10-06 10:11:42,80,17.5,464,534,207,104,153,70,578,98,86,75
2025-10-05 01:55:52,2025-10-06 01:13:21,UTC-04:00,40,61,85,33.30,95.86,6.2,2177,136,72,2025-10-05 01:55:52,2025-10-05 10:41:06,82,17.1,471,512,238,102,131,41,625,127,92,75
2025-10-04 02:28:51,2025-10-05 01:55:52,UTC-04:00,37,62,98,33.22,96.13,12.5,2716,158,78,2025-10-04 02:28:51,2025-10-04 09:06:01,51,16.9,314,388,117,73,124,74,623,122,80,68
2025-10-03 03:23:49,2025-10-04 02:28:51,UTC-04:00,43,64,94,33.53,96.86,13.0,2748,155,78,2025-10-03 03:23:49,2025-10-03 11:41:34,78,16.7,436,492,173,113,150,56,627,112,88,64
2025-10-02 01:19:46,2025-10-03 03:23:49,UTC-04:00,65,60,111,32.46,96.29,15.3,3524,162,80,2025-10-02 01:19:46,2025-10-02 09:23:49,80,16.5,440,475,206,109,125,35,616,127,92,72
2025-10-01 02:58:44,2025-10-02 01:19:46,UTC-04:00,40,67,91,34.16,95.50,10.2,2372,148,76,2025-10-01 02:58:44,2025-10-01 10:36:45,76,16.9,429,456,188,113,128,27,636,127,93,78
2025-09-30 02:00:42,2025-10-01 02:58:44,UTC-04:00,62,58,108,33.13,95.54,14.5,3207,158,82,2025-09-30 02:00:42,2025-09-30 09:14:43,78,16.6,402,431,196,67,139,29,623,127,93,75
2025-09-29 03:52:47,2025-09-30 02:00:42,UTC-04:00,66,56,145,33.95,95.00,12.2,2510,167,78,2025-09-29 03:52:47,2025-09-29 09:14:48,60,17.0,306,321,129,102,75,15,609,120,95,72
2025-09-28 03:19:17,2025-09-29 03:52:47,UTC-04:00,88,58,127,33.65,96.31,10.1,2539,180,71,2025-09-28 03:19:17,2025-09-28 10:27:18,80,16.8,392,426,152,125,115,34,580,76,92,75
2025-09-27 02:22:39,2025-09-28 03:19:17,UTC-04:00,66,60,102,33.06,94.50,13.6,2936,178,77,2025-09-27 02:22:39,2025-09-27 11:04:34,80,17.3,462,514,162,126,174,52,582,81,89,66
2025-09-26 02:00:55,2025-09-27 02:22:39,UTC-04:00,67,60,98,33.59,96.73,13.1,2872,178,77,2025-09-26 02:00:55,2025-09-26 10:41:29,78,17.0,484,513,244,66,174,29,610,117,94,56
2025-09-25 02:58:15,2025-09-26 02:00:55,UTC-04:00,49,62,87,33.85,94.56,11.4,2523,149,77,2025-09-25 02:58:15,2025-09-25 09:20:17,74,17.4,331,368,140,71,120,25,514,15,89,59
2025-09-23 21:33:13,2025-09-25 02:58:15,UTC-04:00,62,61,86,33.20,95.22,12.7,3232,158,76,2025-09-23 21:33:13,2025-09-24 08:42:22,76,16.8,603,666,364,69,170,63,628,127,90,25
2025-09-23 04:04:42,2025-09-23 21:33:13,UTC-04:00,37,60,108,33.55,94.67,13.0,2256,157,82,2025-09-23 04:04:42,2025-09-23 08:03:04,39,17.3,214,234,101,69,44,20,558,127,91,65
2025-09-22 02:44:27,2025-09-23 04:04:42,UTC-04:00,7,75,75,34.92,97.75,10.0,2625,156,71,2025-09-22 19:30:12,2025-09-22 20:30:42,23,18.9,57,57,27,30,0,0,614,127,100,
2025-09-21 04:22:50,2025-09-22 02:44:27,UTC-04:00,65,65,101,33.61,95.18,7.3,2170,158,71,2025-09-21 04:22:50,2025-09-21 10:52:51,63,17.1,344,388,198,63,83,44,658,127,88,74
2025-09-20 04:44:18,2025-09-21 04:22:50,UTC-04:00,45,70,86,33.19,95.55,17.5,3712,174,86,2025-09-20 04:44:18,2025-09-20 11:46:58,31,17.4,294,421,180,17,97,127,631,120,69,57
2025-09-19 03:24:28,2025-09-20 04:44:18,UTC-04:00,64,61,87,32.98,97.31,14.7,3256,167,86,2025-09-19 03:24:28,2025-09-19 10:14:29,73,16.6,367,409,123,106,138,42,608,92,89,
2025-09-18 02:04:23,2025-09-19 03:24:28,UTC-04:00,66,70,87,34.20,96.45,15.5,3460,179,83,2025-09-18 02:04:23,2025-09-18 08:50:24,77,17.5,358,405,213,54,91,47,542,0,88,
2025-09-17 00:00:00,2025-09-18 06:04:23,UTCZ,,,,,,13.9,1465,178,93,,,,,,,,,,,,,,
